decile1b,decile3,lsat,ugpa,zfygpa,zgpa,fulltime,fam_inc,male,tier,SensitiveAttr,Label
3.0,4.0,31.0,3.7,-0.54,-0.33,1.0,2.0,0.0,2.0,1,0
7.0,8.0,30.5,2.6,0.54,0.74,1.0,2.0,1.0,3.0,1,1
3.0,2.0,25.0,2.4,-0.42,-1.25,1.0,4.0,1.0,1.0,0,0
5.0,5.0,36.0,3.5,-0.12,-0.06,1.0,3.0,0.0,4.0,1,1
3.0,1.0,43.0,2.9,-0.69,-1.56,1.0,4.0,0.0,4.0,1,0
1.0,2.0,35.0,3.4,-1.51,-1.23,1.0,4.0,0.0,2.0,1,0
1.0,2.0,42.0,3.7,-1.6,-1.19,1.0,4.0,1.0,5.0,1,1
6.0,6.0,38.0,2.9,0.12,0.0,1.0,4.0,1.0,3.0,1,0
5.0,4.0,29.0,3.5,0.05,-0.42,1.0,3.0,1.0,3.0,1,1
2.0,4.0,34.5,3.1,-0.95,-0.4,1.0,3.0,1.0,3.0,1,0
8.0,7.0,30.5,3.3,0.57,0.41,1.0,3.0,1.0,3.0,1,1
6.0,8.0,41.0,3.0,0.16,0.67,1.0,3.0,1.0,4.0,1,1
8.0,9.0,46.0,3.4,0.63,0.91,1.0,4.0,1.0,5.0,1,1
1.0,1.0,41.0,3.3,-1.65,-1.39,1.0,4.0,0.0,3.0,1,0
3.0,2.0,37.0,2.8,-0.71,-1.02,1.0,4.0,1.0,2.0,1,0
1.0,3.0,40.0,3.2,-1.3,-0.62,1.0,3.0,1.0,3.0,1,1
2.0,3.0,33.0,3.3,-0.89,-0.86,1.0,4.0,1.0,3.0,1,1
8.0,7.0,46.0,3.5,0.8,0.52,1.0,3.0,1.0,5.0,1,1
4.0,6.0,36.0,3.8,-0.34,0.12,1.0,3.0,0.0,4.0,1,1
3.0,4.0,38.0,2.5,-0.44,-0.26,2.0,3.0,1.0,4.0,1,1
2.0,2.0,29.0,2.2,-1.02,-1.1,1.0,4.0,0.0,5.0,0,0
10.0,10.0,39.0,3.5,1.78,1.9,1.0,4.0,1.0,6.0,1,1
7.0,5.0,24.5,3.8,0.5,-0.11,1.0,4.0,0.0,3.0,1,0
9.0,8.0,43.0,3.4,0.89,0.8,1.0,4.0,1.0,5.0,1,1
2.0,3.0,37.0,3.0,-0.97,-0.71,1.0,2.0,1.0,3.0,0,1
6.0,5.0,39.0,3.5,0.28,-0.04,1.0,3.0,0.0,4.0,1,1
6.0,7.0,32.0,2.7,0.1,0.32,1.0,2.0,1.0,3.0,1,1
1.0,6.0,39.0,3.8,-1.21,0.17,1.0,2.0,1.0,5.0,1,1
8.0,10.0,36.0,3.4,0.86,1.37,1.0,3.0,1.0,3.0,1,1
1.0,1.0,37.0,3.4,-1.26,-1.38,1.0,3.0,0.0,3.0,1,1
3.0,2.0,36.0,3.0,-0.51,-1.03,1.0,5.0,1.0,5.0,0,0
5.0,4.0,40.0,3.4,-0.05,-0.42,1.0,3.0,0.0,4.0,1,1
1.0,2.0,29.0,2.7,-1.03,-1.21,1.0,2.0,1.0,1.0,0,0
10.0,5.0,37.0,3.7,2.17,-0.17,1.0,3.0,1.0,6.0,1,1
7.0,9.0,40.0,3.6,0.46,0.9,1.0,4.0,1.0,4.0,1,1
5.0,2.0,33.0,2.6,0.01,-1.12,1.0,4.0,1.0,2.0,1,0
3.0,3.0,32.0,3.0,-0.45,-0.82,1.0,3.0,1.0,3.0,1,1
9.0,8.0,33.0,3.7,1.12,0.83,1.0,4.0,0.0,3.0,1,1
2.0,1.0,37.0,2.7,-1.16,-1.58,1.0,5.0,0.0,6.0,1,0
8.0,7.0,42.0,3.2,0.9,0.43,2.0,3.0,1.0,4.0,1,1
2.0,2.0,40.0,3.3,-0.98,-1.32,1.0,5.0,1.0,4.0,1,1
8.0,7.0,34.0,3.1,0.65,0.52,1.0,3.0,0.0,3.0,1,1
2.0,2.0,29.0,3.7,-0.97,-1.18,1.0,3.0,0.0,4.0,1,1
3.0,3.0,38.0,3.2,-0.55,-0.68,1.0,4.0,0.0,3.0,1,1
7.0,9.0,44.0,3.9,0.38,0.85,1.0,4.0,1.0,6.0,1,1
7.0,9.0,36.0,3.2,0.41,0.87,1.0,3.0,0.0,5.0,1,1
1.0,1.0,29.0,3.0,-2.16,-2.45,1.0,3.0,0.0,3.0,0,0
7.0,7.0,36.0,3.2,0.44,0.38,1.0,4.0,1.0,4.0,1,1
7.0,8.0,35.0,2.4,0.47,0.83,1.0,4.0,1.0,3.0,1,1
10.0,10.0,39.0,3.4,1.85,1.67,1.0,3.0,0.0,4.0,1,1
2.0,4.0,45.0,2.9,-1.01,-0.31,2.0,5.0,0.0,5.0,1,1
2.0,2.0,30.0,2.4,-1.1,-0.96,2.0,3.0,0.0,3.0,1,1
5.0,6.0,31.0,3.0,0.0,0.05,1.0,3.0,0.0,3.0,1,1
6.0,9.0,37.0,3.6,0.3,1.06,1.0,4.0,0.0,6.0,1,1
7.0,8.0,37.0,3.0,0.4,0.83,1.0,5.0,1.0,3.0,1,1
2.0,2.0,35.0,2.8,-0.81,-1.14,1.0,1.0,0.0,2.0,1,1
1.0,3.0,31.5,3.1,-1.35,-0.73,2.0,3.0,1.0,5.0,1,1
2.0,2.0,36.0,3.5,-1.03,-1.19,1.0,4.0,0.0,3.0,1,1
4.0,2.0,24.0,2.9,-0.31,-1.04,1.0,4.0,0.0,3.0,1,1
2.0,6.0,34.5,3.3,-0.82,0.15,1.0,4.0,0.0,3.0,1,1
5.0,5.0,30.5,3.1,-0.18,-0.14,1.0,5.0,1.0,2.0,1,1
8.0,8.0,43.0,3.5,0.58,0.64,1.0,3.0,0.0,5.0,1,1
2.0,3.0,38.0,2.5,-0.91,-0.81,1.0,4.0,1.0,3.0,1,1
1.0,3.0,42.0,3.0,-1.42,-0.82,1.0,4.0,0.0,5.0,1,1
4.0,7.0,36.0,3.3,-0.39,0.42,2.0,3.0,0.0,3.0,1,1
9.0,9.0,35.0,3.5,1.08,1.12,1.0,3.0,0.0,3.0,1,1
1.0,1.0,39.0,2.3,-1.25,-1.3,1.0,5.0,1.0,2.0,1,1
3.0,2.0,36.5,3.3,-0.52,-0.85,1.0,4.0,0.0,6.0,1,1
1.0,1.0,28.0,3.2,-2.0,-2.36,1.0,4.0,0.0,3.0,1,0
6.0,4.0,31.0,2.7,0.25,-0.47,1.0,4.0,1.0,2.0,1,1
5.0,6.0,39.0,3.3,-0.04,0.17,1.0,1.0,1.0,4.0,1,1
6.0,5.0,44.0,2.8,0.23,-0.06,1.0,4.0,1.0,3.0,1,1
8.0,8.0,48.0,2.8,0.72,0.58,1.0,4.0,1.0,4.0,1,1
5.0,5.0,40.0,2.8,0.04,-0.23,1.0,2.0,1.0,4.0,1,1
3.0,5.0,29.5,3.0,-0.69,-0.14,1.0,4.0,1.0,5.0,1,1
4.0,3.0,42.0,3.1,-0.41,-0.59,1.0,3.0,1.0,5.0,1,1
10.0,10.0,36.0,3.2,1.4,1.32,1.0,3.0,0.0,3.0,1,1
2.0,3.0,32.5,2.8,-0.92,-0.63,1.0,1.0,0.0,3.0,0,1
7.0,7.0,30.0,3.8,0.49,0.4,1.0,3.0,1.0,2.0,1,1
1.0,1.0,29.0,3.3,-1.13,-1.56,2.0,4.0,0.0,2.0,1,0
5.0,6.0,39.0,3.6,0.04,0.22,1.0,3.0,1.0,4.0,1,0
8.0,7.0,33.0,3.2,0.8,0.38,1.0,4.0,0.0,3.0,1,1
3.0,1.0,43.0,3.0,-0.59,-1.34,1.0,4.0,0.0,6.0,1,0
2.0,1.0,32.0,2.4,-1.04,-1.33,1.0,3.0,1.0,3.0,1,1
3.0,1.0,32.0,3.0,-0.45,-1.4,1.0,4.0,0.0,3.0,0,0
6.0,6.0,38.0,3.9,0.14,0.06,1.0,4.0,1.0,5.0,1,1
6.0,8.0,35.0,2.9,0.15,0.79,1.0,2.0,1.0,3.0,1,1
6.0,5.0,36.5,2.8,0.06,-0.11,1.0,4.0,1.0,3.0,1,1
8.0,9.0,47.0,3.1,0.86,0.88,1.0,2.0,0.0,5.0,1,1
7.0,8.0,30.0,2.9,0.38,0.56,1.0,4.0,1.0,2.0,1,1
6.0,8.0,33.0,3.1,0.08,0.84,1.0,4.0,1.0,2.0,1,1
4.0,4.0,38.0,3.5,-0.21,-0.26,1.0,4.0,1.0,4.0,1,1
5.0,5.0,30.0,3.1,-0.1,-0.21,1.0,5.0,1.0,4.0,0,1
6.0,6.0,42.0,3.5,0.24,0.03,1.0,3.0,1.0,4.0,1,1
7.0,7.0,39.0,3.0,0.41,0.52,1.0,3.0,1.0,3.0,1,1
3.0,5.0,44.0,3.1,-0.67,-0.17,1.0,4.0,1.0,4.0,1,1
8.0,6.0,41.0,3.6,0.59,0.08,1.0,4.0,0.0,5.0,1,1
10.0,10.0,39.0,3.7,1.4,1.85,1.0,1.0,1.0,2.0,1,1
9.0,9.0,25.0,3.5,1.15,0.93,1.0,4.0,0.0,3.0,1,1
8.0,8.0,40.0,3.6,0.68,0.75,1.0,4.0,1.0,4.0,1,1
4.0,7.0,35.0,2.7,-0.32,0.28,1.0,5.0,1.0,3.0,1,1
7.0,6.0,37.0,3.0,0.51,0.26,1.0,4.0,0.0,3.0,1,0
1.0,1.0,28.0,3.7,-2.35,-1.95,1.0,1.0,1.0,4.0,0,0
4.0,4.0,32.0,3.4,-0.37,-0.38,1.0,4.0,1.0,2.0,1,1
7.0,8.0,38.0,2.7,0.51,0.7,2.0,3.0,1.0,3.0,1,1
3.0,3.0,35.0,2.9,-0.51,-0.64,1.0,4.0,1.0,3.0,1,0
4.0,5.0,29.0,3.4,-0.36,-0.11,1.0,4.0,0.0,2.0,1,1
2.0,1.0,29.0,3.5,-0.95,-1.53,1.0,4.0,1.0,3.0,1,0
9.0,7.0,37.0,3.0,1.06,0.55,1.0,4.0,1.0,4.0,1,1
7.0,5.0,43.0,2.5,0.33,-0.23,1.0,4.0,1.0,4.0,1,1
6.0,4.0,35.5,3.0,0.08,-0.48,1.0,4.0,1.0,5.0,1,1
9.0,9.0,36.0,3.8,0.99,1.09,1.0,4.0,1.0,3.0,1,1
9.0,9.0,41.0,3.7,1.06,1.28,1.0,4.0,1.0,3.0,1,1
1.0,2.0,34.0,3.1,-1.16,-1.01,1.0,3.0,1.0,1.0,1,0
8.0,6.0,38.0,2.8,0.77,0.17,1.0,5.0,1.0,4.0,1,1
4.0,7.0,34.5,2.9,-0.31,0.29,1.0,4.0,1.0,5.0,1,1
2.0,2.0,40.0,3.6,-0.78,-1.04,1.0,4.0,1.0,4.0,1,1
8.0,9.0,40.0,3.5,0.72,1.02,1.0,4.0,0.0,3.0,1,1
9.0,9.0,41.0,3.1,1.02,1.01,1.0,3.0,0.0,3.0,1,1
1.0,1.0,32.0,3.4,-1.33,-1.5,1.0,3.0,0.0,4.0,1,0
7.0,5.0,28.0,3.5,0.44,0.0,1.0,3.0,0.0,4.0,1,0
3.0,5.0,32.0,3.5,-0.58,-0.07,1.0,4.0,0.0,4.0,1,1
3.0,4.0,28.0,3.7,-0.58,-0.54,2.0,4.0,0.0,3.0,1,1
8.0,6.0,33.5,2.7,0.63,0.14,1.0,3.0,1.0,4.0,1,1
3.0,2.0,32.0,2.9,-0.47,-1.16,1.0,4.0,1.0,4.0,1,1
5.0,2.0,27.3,3.2,0.05,-0.99,1.0,3.0,1.0,3.0,1,0
7.0,8.0,42.0,3.2,0.58,0.74,1.0,4.0,1.0,4.0,1,1
2.0,1.0,35.0,2.9,-1.01,-2.09,1.0,3.0,1.0,3.0,1,1
10.0,10.0,43.0,3.4,1.96,2.06,1.0,3.0,0.0,5.0,1,1
7.0,6.0,37.0,3.6,0.5,0.18,1.0,3.0,1.0,4.0,1,0
7.0,6.0,32.0,3.7,0.46,0.25,1.0,3.0,1.0,5.0,1,1
3.0,3.0,24.0,2.1,-0.38,-0.79,1.0,3.0,1.0,1.0,1,0
10.0,9.0,33.0,2.9,1.62,1.01,1.0,4.0,1.0,2.0,1,1
1.0,1.0,28.5,2.1,-1.88,-2.39,1.0,3.0,1.0,3.0,1,0
8.0,7.0,38.0,3.1,0.69,0.52,1.0,4.0,1.0,3.0,1,1
7.0,7.0,31.5,3.1,0.36,0.4,1.0,4.0,1.0,3.0,1,1
5.0,3.0,32.5,3.4,-0.17,-0.66,1.0,3.0,1.0,3.0,1,1
9.0,9.0,31.0,3.4,1.02,0.94,1.0,4.0,0.0,3.0,1,1
3.0,4.0,38.0,3.7,-0.72,-0.31,1.0,4.0,1.0,4.0,1,1
8.0,8.0,33.0,3.0,0.75,0.75,1.0,4.0,1.0,3.0,0,1
5.0,6.0,36.5,2.4,-0.08,0.13,1.0,2.0,0.0,4.0,0,1
8.0,5.0,37.0,2.7,0.61,-0.27,1.0,3.0,1.0,3.0,1,1
5.0,7.0,30.0,2.9,0.04,0.34,1.0,3.0,1.0,2.0,1,1
9.0,10.0,31.0,3.7,1.12,1.31,1.0,4.0,0.0,4.0,1,1
7.0,8.0,36.0,3.2,0.51,0.66,2.0,2.0,0.0,3.0,1,1
10.0,10.0,42.0,3.6,1.45,1.56,1.0,3.0,0.0,5.0,1,1
9.0,10.0,37.0,3.3,1.14,1.3,1.0,2.0,1.0,4.0,1,1
8.0,6.0,38.0,3.5,0.78,0.12,1.0,3.0,1.0,5.0,1,1
2.0,1.0,39.0,2.6,-0.97,-1.5,1.0,2.0,0.0,3.0,1,0
5.0,6.0,39.0,3.1,-0.16,0.15,1.0,5.0,1.0,3.0,1,1
3.0,3.0,42.0,3.2,-0.73,-0.68,1.0,3.0,0.0,5.0,1,1
9.0,7.0,46.0,3.7,1.23,0.44,1.0,5.0,1.0,5.0,1,1
4.0,4.0,47.0,3.8,-0.3,-0.41,1.0,4.0,1.0,6.0,1,1
5.0,4.0,32.0,3.1,-0.11,-0.47,1.0,4.0,1.0,2.0,1,0
5.0,3.0,33.0,3.2,-0.03,-0.73,1.0,2.0,1.0,3.0,1,1
9.0,7.0,36.0,3.3,0.94,0.5,2.0,3.0,1.0,3.0,1,1
6.0,8.0,48.0,2.8,0.31,0.63,1.0,3.0,1.0,3.0,1,1
8.0,8.0,35.0,3.7,0.75,0.63,1.0,3.0,1.0,4.0,1,1
4.0,4.0,41.0,3.4,-0.39,-0.51,1.0,4.0,1.0,4.0,1,1
2.0,1.0,41.0,3.4,-0.74,-1.75,1.0,4.0,0.0,3.0,1,0
10.0,10.0,42.0,3.3,1.86,1.85,1.0,4.0,0.0,4.0,1,1
4.0,6.0,40.0,2.7,-0.38,0.13,1.0,4.0,1.0,3.0,1,1
1.0,2.0,30.0,3.6,-2.16,-1.25,1.0,2.0,0.0,6.0,0,1
10.0,9.0,40.0,2.5,1.38,1.22,1.0,3.0,1.0,3.0,1,1
10.0,10.0,39.0,3.0,1.39,1.35,2.0,2.0,1.0,3.0,1,1
9.0,9.0,35.5,2.7,1.17,1.06,1.0,3.0,1.0,3.0,1,1
5.0,8.0,31.0,3.0,0.0,0.81,1.0,4.0,1.0,3.0,1,1
8.0,7.0,33.0,3.2,0.7,0.44,1.0,3.0,0.0,4.0,1,1
9.0,8.0,44.0,4.0,1.08,0.64,1.0,5.0,1.0,6.0,1,0
5.0,5.0,34.0,3.5,-0.11,-0.3,1.0,4.0,1.0,2.0,1,1
3.0,3.0,34.0,2.7,-0.65,-0.82,2.0,4.0,1.0,4.0,0,0
5.0,8.0,36.0,3.1,0.03,0.75,1.0,3.0,1.0,3.0,1,1
2.0,1.0,41.0,3.0,-0.98,-1.43,1.0,3.0,1.0,4.0,1,0
4.0,4.0,48.0,3.8,-0.18,-0.29,1.0,4.0,0.0,6.0,1,1
2.0,3.0,42.0,3.8,-1.02,-0.71,1.0,5.0,1.0,6.0,1,1
8.0,9.0,40.0,3.7,0.75,1.13,1.0,3.0,1.0,5.0,1,1
7.0,7.0,32.5,3.4,0.5,0.43,1.0,4.0,1.0,4.0,1,1
8.0,9.0,31.0,2.8,0.63,0.87,1.0,3.0,0.0,2.0,1,1
2.0,1.0,21.0,3.0,-0.96,-1.62,1.0,3.0,0.0,4.0,0,0
7.0,5.0,37.0,3.0,0.55,-0.17,1.0,4.0,0.0,4.0,0,1
9.0,9.0,42.0,3.1,1.13,1.2,1.0,4.0,0.0,3.0,1,1
9.0,10.0,44.0,3.0,1.1,1.39,1.0,1.0,1.0,3.0,1,1
8.0,5.0,34.0,3.7,0.62,-0.04,1.0,3.0,0.0,3.0,1,1
10.0,10.0,38.0,3.8,1.4,1.73,1.0,5.0,1.0,3.0,1,1
10.0,10.0,43.0,3.0,2.59,2.46,1.0,4.0,1.0,3.0,1,1
8.0,7.0,35.0,3.1,0.83,0.36,1.0,4.0,1.0,3.0,1,1
10.0,10.0,38.0,3.1,1.53,1.86,1.0,4.0,0.0,5.0,1,1
6.0,7.0,38.0,2.6,0.14,0.46,1.0,3.0,1.0,4.0,1,1
8.0,10.0,44.0,3.4,0.93,1.24,1.0,5.0,1.0,6.0,1,1
6.0,4.0,41.0,3.9,0.19,-0.46,1.0,3.0,1.0,4.0,1,1
6.0,7.0,37.3,3.5,0.17,0.43,1.0,3.0,0.0,3.0,1,1
3.0,2.0,44.0,3.0,-0.72,-1.24,1.0,4.0,0.0,4.0,1,1
9.0,10.0,44.0,3.6,1.26,1.57,1.0,3.0,1.0,6.0,1,1
1.0,2.0,36.0,3.2,-1.14,-1.13,1.0,3.0,0.0,4.0,1,1
5.0,5.0,37.0,2.6,-0.08,-0.25,1.0,4.0,1.0,3.0,1,1
2.0,2.0,37.0,3.7,-0.87,-1.16,1.0,3.0,1.0,3.0,1,0
7.0,7.0,33.0,3.2,0.44,0.45,1.0,2.0,1.0,3.0,1,1
3.0,3.0,29.0,2.9,-0.49,-0.9,2.0,3.0,1.0,2.0,1,0
1.0,2.0,28.0,2.5,-1.2,-0.98,1.0,3.0,0.0,2.0,0,0
5.0,6.0,41.0,3.8,-0.08,0.05,1.0,1.0,0.0,4.0,1,1
2.0,3.0,34.0,2.5,-0.99,-0.91,1.0,5.0,1.0,2.0,1,1
4.0,4.0,37.0,3.4,-0.26,-0.26,1.0,5.0,0.0,5.0,1,1
1.0,1.0,38.0,3.7,-1.58,-1.83,1.0,4.0,1.0,5.0,0,1
7.0,7.0,34.0,3.5,0.52,0.44,1.0,3.0,0.0,3.0,1,1
8.0,9.0,41.0,3.9,0.8,1.15,1.0,3.0,1.0,5.0,1,1
1.0,1.0,33.0,3.5,-1.43,-1.35,1.0,3.0,1.0,5.0,1,1
2.0,2.0,40.0,2.9,-0.79,-1.23,1.0,3.0,1.0,3.0,1,1
6.0,8.0,42.0,3.7,0.35,0.8,1.0,4.0,1.0,6.0,1,1
9.0,8.0,38.0,3.6,1.22,0.83,1.0,4.0,1.0,3.0,1,1
3.0,3.0,31.0,3.2,-0.44,-0.68,1.0,3.0,1.0,2.0,1,1
2.0,2.0,24.0,2.9,-0.91,-1.07,1.0,4.0,1.0,3.0,1,0
4.0,2.0,39.0,3.3,-0.28,-0.91,1.0,3.0,1.0,3.0,1,1
3.0,2.0,36.0,2.9,-0.53,-1.05,1.0,4.0,0.0,3.0,1,0
10.0,10.0,34.0,3.5,1.55,1.91,1.0,4.0,0.0,3.0,1,1
7.0,8.0,40.0,2.9,0.51,0.62,1.0,3.0,0.0,3.0,1,1
2.0,1.0,30.0,2.8,-0.89,-1.45,1.0,3.0,1.0,3.0,0,0
3.0,1.0,47.0,3.8,-0.58,-1.76,1.0,4.0,1.0,6.0,1,1
6.0,6.0,47.0,3.5,0.15,0.08,1.0,5.0,0.0,5.0,1,1
1.0,2.0,37.0,3.5,-1.69,-1.26,1.0,4.0,0.0,5.0,1,0
8.0,7.0,37.0,2.6,0.75,0.5,1.0,4.0,1.0,3.0,1,1
2.0,3.0,27.0,2.4,-1.11,-0.88,2.0,4.0,1.0,3.0,1,0
1.0,3.0,35.0,2.9,-1.23,-0.89,1.0,4.0,1.0,2.0,1,1
4.0,6.0,47.0,3.7,-0.22,0.08,1.0,4.0,1.0,4.0,1,1
6.0,6.0,35.0,2.1,0.11,-0.01,1.0,4.0,0.0,3.0,1,1
1.0,1.0,38.0,3.1,-2.49,-1.94,1.0,5.0,1.0,3.0,1,1
5.0,6.0,47.0,3.6,0.08,0.1,1.0,4.0,1.0,6.0,1,1
9.0,9.0,37.0,2.3,0.86,1.14,1.0,2.0,1.0,2.0,1,1
4.0,3.0,30.5,3.5,-0.25,-0.72,1.0,3.0,0.0,3.0,1,1
5.0,8.0,37.0,3.9,-0.1,0.81,1.0,3.0,1.0,5.0,1,1
10.0,10.0,37.0,3.0,2.1,1.57,1.0,3.0,1.0,3.0,1,1
6.0,6.0,33.0,3.3,0.21,0.25,1.0,4.0,1.0,3.0,1,1
8.0,7.0,39.0,3.5,0.64,0.46,1.0,4.0,1.0,4.0,1,1
10.0,10.0,38.5,3.9,1.62,1.37,1.0,3.0,1.0,3.0,1,1
6.0,8.0,34.0,3.2,0.26,0.76,1.0,4.0,0.0,4.0,1,1
7.0,7.0,40.0,3.0,0.53,0.47,1.0,4.0,0.0,4.0,1,1
10.0,9.0,42.0,3.3,1.36,1.22,1.0,4.0,1.0,4.0,1,1
1.0,2.0,29.0,3.8,-1.57,-1.12,1.0,3.0,0.0,4.0,0,0
3.0,2.0,27.0,3.1,-0.65,-0.97,1.0,4.0,0.0,4.0,1,1
10.0,10.0,42.0,3.1,1.54,1.43,1.0,4.0,0.0,4.0,1,1
9.0,9.0,39.0,2.5,1.15,1.08,1.0,4.0,0.0,3.0,1,1
8.0,7.0,40.0,3.3,0.75,0.46,1.0,4.0,1.0,3.0,1,1
4.0,3.0,33.0,2.3,-0.35,-0.67,1.0,3.0,1.0,3.0,0,0
8.0,6.0,37.0,2.9,0.83,0.12,1.0,3.0,1.0,5.0,1,1
9.0,10.0,38.0,3.2,0.98,1.4,1.0,3.0,0.0,2.0,1,0
4.0,5.0,23.0,2.3,-0.21,-0.29,1.0,4.0,1.0,1.0,1,1
5.0,7.0,48.0,3.7,-0.15,0.39,1.0,5.0,0.0,5.0,1,1
9.0,9.0,41.0,3.4,0.91,1.13,1.0,3.0,0.0,3.0,1,1
4.0,5.0,29.3,3.1,-0.21,-0.19,1.0,4.0,0.0,3.0,1,1
5.0,1.0,36.0,3.7,-0.03,-1.51,1.0,4.0,1.0,5.0,1,1
1.0,1.0,37.0,3.0,-1.87,-1.85,1.0,4.0,1.0,5.0,0,1
2.0,1.0,30.0,3.5,-1.04,-1.32,1.0,3.0,0.0,3.0,1,0
3.0,5.0,41.0,3.2,-0.48,-0.03,1.0,5.0,1.0,3.0,1,1
7.0,9.0,42.0,3.5,0.51,0.93,1.0,3.0,1.0,2.0,1,1
9.0,8.0,36.0,3.0,1.21,0.65,1.0,3.0,0.0,3.0,1,1
6.0,8.0,31.0,3.8,0.14,0.77,1.0,4.0,0.0,4.0,1,1
10.0,10.0,42.0,2.3,1.66,2.04,1.0,3.0,1.0,2.0,1,1
9.0,9.0,30.0,3.7,1.23,0.93,1.0,4.0,1.0,2.0,1,1
5.0,3.0,31.0,3.9,-0.1,-0.72,1.0,4.0,1.0,4.0,1,1
3.0,2.0,37.0,2.9,-0.64,-1.04,1.0,3.0,1.0,3.0,1,0
5.0,3.0,34.0,3.3,0.0,-0.64,1.0,2.0,1.0,2.0,1,0
7.0,7.0,35.0,3.1,0.28,0.26,1.0,3.0,1.0,5.0,1,1
3.0,4.0,33.7,2.3,-0.5,-0.36,1.0,3.0,1.0,3.0,1,0
8.0,10.0,38.0,3.6,0.74,1.66,1.0,4.0,0.0,3.0,1,1
4.0,4.0,38.0,3.4,-0.18,-0.38,1.0,4.0,1.0,4.0,1,1
4.0,7.0,37.0,4.0,-0.27,0.54,2.0,4.0,0.0,3.0,1,0
6.0,6.0,37.0,3.4,0.22,0.26,1.0,4.0,1.0,4.0,1,1
5.0,4.0,39.0,3.0,-0.01,-0.27,1.0,4.0,0.0,4.0,1,1
8.0,9.0,44.0,2.6,0.63,0.92,1.0,3.0,1.0,4.0,1,1
10.0,10.0,32.0,3.7,1.62,1.5,1.0,4.0,1.0,3.0,1,1
10.0,8.0,42.0,3.2,2.18,0.64,1.0,4.0,1.0,6.0,1,1
5.0,3.0,42.0,3.2,-0.18,-0.67,1.0,4.0,1.0,5.0,1,1
2.0,3.0,30.0,3.7,-0.82,-0.7,1.0,4.0,1.0,2.0,1,0
2.0,1.0,44.0,3.9,-1.05,-1.47,1.0,5.0,1.0,6.0,1,1
5.0,5.0,40.0,3.0,-0.07,-0.27,1.0,4.0,1.0,3.0,1,1
6.0,9.0,45.0,3.5,0.15,0.95,1.0,2.0,1.0,3.0,1,0
1.0,1.0,33.5,2.6,-1.45,-1.67,1.0,3.0,1.0,3.0,1,0
1.0,3.0,44.0,3.5,-1.31,-0.75,1.0,4.0,0.0,5.0,1,1
8.0,7.0,42.0,3.3,0.62,0.43,1.0,4.0,0.0,3.0,1,1
8.0,8.0,38.0,3.5,0.58,0.65,1.0,2.0,1.0,3.0,1,1
6.0,7.0,41.0,2.9,0.27,0.38,1.0,4.0,0.0,5.0,1,1
9.0,9.0,46.0,3.1,1.0,1.21,1.0,5.0,1.0,6.0,1,1
4.0,5.0,41.0,3.7,-0.35,-0.23,1.0,4.0,0.0,5.0,1,1
8.0,8.0,45.0,2.2,0.86,0.74,1.0,3.0,1.0,4.0,1,1
1.0,1.0,27.0,3.0,-1.17,-2.19,1.0,3.0,1.0,4.0,0,0
8.0,6.0,41.0,3.5,0.62,0.09,1.0,3.0,1.0,5.0,1,1
1.0,1.0,42.0,3.5,-1.99,-1.74,1.0,4.0,0.0,5.0,1,1
6.0,3.0,36.0,2.2,0.15,-0.87,1.0,3.0,1.0,2.0,1,1
3.0,2.0,42.0,4.0,-0.69,-0.92,1.0,3.0,1.0,6.0,1,1
8.0,6.0,35.0,3.5,0.69,0.2,1.0,2.0,1.0,5.0,0,1
9.0,9.0,40.0,4.0,1.17,0.98,1.0,3.0,0.0,3.0,1,1
2.0,3.0,34.0,3.5,-0.95,-0.57,1.0,1.0,0.0,5.0,0,0
8.0,7.0,41.0,3.3,0.63,0.44,1.0,4.0,1.0,4.0,1,1
7.0,8.0,37.0,3.7,0.59,0.75,1.0,3.0,0.0,4.0,1,1
4.0,2.0,39.0,3.8,-0.21,-0.88,1.0,3.0,0.0,4.0,1,1
3.0,2.0,41.0,3.4,-0.46,-0.95,1.0,3.0,0.0,3.0,1,1
10.0,10.0,40.0,3.8,1.71,1.77,1.0,3.0,0.0,3.0,1,1
7.0,6.0,39.0,3.4,0.34,0.14,1.0,5.0,1.0,3.0,1,1
9.0,9.0,37.0,3.0,1.07,0.94,1.0,5.0,1.0,3.0,1,1
2.0,2.0,41.0,3.6,-1.07,-0.87,1.0,3.0,1.0,6.0,0,1
3.0,3.0,39.0,3.4,-0.45,-0.73,1.0,4.0,1.0,4.0,1,1
5.0,5.0,34.5,3.3,-0.02,-0.23,1.0,3.0,0.0,3.0,1,1
8.0,8.0,38.0,3.8,0.73,0.83,1.0,4.0,0.0,4.0,1,1
6.0,4.0,32.7,3.5,0.28,-0.32,1.0,3.0,1.0,3.0,1,1
3.0,3.0,44.0,3.3,-0.69,-0.79,1.0,4.0,1.0,4.0,1,1
2.0,3.0,32.5,3.8,-0.8,-0.56,1.0,4.0,0.0,4.0,1,0
2.0,2.0,34.0,3.4,-0.78,-0.93,1.0,4.0,0.0,3.0,1,1
8.0,8.0,44.0,3.7,0.65,0.77,1.0,3.0,0.0,4.0,1,1
7.0,9.0,42.0,3.1,0.46,1.05,1.0,4.0,0.0,4.0,1,1
7.0,6.0,43.0,3.1,0.41,0.26,1.0,4.0,0.0,6.0,1,0
5.0,5.0,37.0,2.9,-0.14,-0.12,1.0,4.0,1.0,3.0,1,1
10.0,10.0,48.0,3.7,1.77,1.59,1.0,4.0,1.0,6.0,1,1
9.0,8.0,43.0,2.6,1.23,0.74,1.0,4.0,1.0,5.0,0,1
5.0,5.0,36.0,2.9,-0.11,-0.01,1.0,4.0,0.0,4.0,1,1
4.0,5.0,37.5,2.7,-0.42,-0.23,1.0,2.0,1.0,4.0,1,1
2.0,4.0,36.0,3.2,-0.93,-0.47,1.0,3.0,1.0,4.0,0,1
5.0,4.0,39.0,3.4,0.04,-0.35,1.0,3.0,0.0,4.0,0,1
3.0,1.0,30.0,2.7,-0.52,-1.47,2.0,3.0,0.0,5.0,0,0
9.0,9.0,45.0,3.3,1.08,0.99,1.0,3.0,1.0,6.0,1,1
1.0,1.0,35.0,3.2,-1.27,-1.4,1.0,4.0,0.0,3.0,1,1
3.0,9.0,42.0,3.5,-0.54,1.26,1.0,4.0,1.0,4.0,1,1
6.0,8.0,40.0,3.0,0.27,0.69,1.0,3.0,0.0,4.0,1,1
4.0,5.0,39.0,3.0,-0.22,-0.23,1.0,5.0,1.0,4.0,1,1
3.0,2.0,38.5,3.0,-0.73,-0.99,1.0,5.0,0.0,4.0,1,1
3.0,2.0,28.5,3.7,-0.6,-0.89,1.0,4.0,1.0,3.0,1,0
5.0,6.0,32.0,3.7,-0.14,-0.04,1.0,4.0,0.0,2.0,1,1
2.0,2.0,31.0,3.0,-0.94,-1.1,1.0,4.0,0.0,3.0,1,1
1.0,1.0,38.0,2.1,-2.18,-1.46,1.0,5.0,0.0,3.0,1,0
3.0,4.0,35.0,3.7,-0.49,-0.39,1.0,4.0,0.0,3.0,1,1
3.0,5.0,35.5,2.3,-0.44,-0.3,1.0,3.0,1.0,2.0,1,0
5.0,5.0,35.0,3.1,-0.15,-0.12,1.0,1.0,1.0,3.0,1,1
3.0,4.0,37.0,2.8,-0.51,-0.53,2.0,3.0,1.0,2.0,1,0
6.0,7.0,42.0,3.3,0.14,0.47,1.0,4.0,0.0,3.0,1,1
1.0,2.0,24.7,3.4,-1.17,-1.13,2.0,2.0,1.0,3.0,1,1
9.0,9.0,37.0,2.8,1.04,0.96,1.0,3.0,1.0,6.0,1,1
7.0,6.0,37.0,2.2,0.39,-0.04,1.0,4.0,1.0,2.0,0,1
3.0,3.0,29.0,3.1,-0.64,-0.7,1.0,3.0,1.0,2.0,1,1
5.0,7.0,35.0,2.7,-0.03,0.39,1.0,4.0,0.0,3.0,1,1
4.0,4.0,37.0,3.3,-0.32,-0.48,1.0,4.0,0.0,3.0,1,1
6.0,9.0,40.0,3.6,0.17,1.24,1.0,3.0,0.0,1.0,0,1
1.0,1.0,42.0,3.0,-2.25,-2.54,1.0,2.0,1.0,6.0,0,1
5.0,7.0,36.0,3.7,-0.07,0.42,1.0,4.0,0.0,5.0,1,1
9.0,8.0,40.0,3.0,0.96,0.59,1.0,3.0,0.0,5.0,1,1
3.0,4.0,38.0,2.9,-0.68,-0.44,1.0,4.0,0.0,4.0,1,1
7.0,6.0,40.0,3.7,0.42,0.13,1.0,3.0,0.0,4.0,1,1
1.0,1.0,35.0,2.2,-1.86,-1.79,1.0,2.0,1.0,4.0,0,1
7.0,4.0,47.0,3.4,0.46,-0.29,1.0,4.0,1.0,5.0,1,1
7.0,9.0,37.0,3.3,0.41,0.98,1.0,3.0,1.0,3.0,1,1
1.0,3.0,35.0,2.8,-1.24,-0.7,1.0,5.0,1.0,1.0,1,0
1.0,8.0,26.5,2.9,-1.65,0.6,1.0,4.0,0.0,3.0,1,1
5.0,4.0,47.0,3.7,-0.15,-0.36,1.0,4.0,1.0,6.0,1,1
1.0,1.0,40.0,2.5,-1.3,-1.34,1.0,5.0,1.0,3.0,1,0
9.0,9.0,42.0,3.4,0.99,1.12,1.0,4.0,0.0,3.0,1,1
7.0,6.0,31.0,3.0,0.56,0.12,1.0,3.0,1.0,1.0,1,1
4.0,5.0,42.0,3.3,-0.24,-0.2,1.0,4.0,0.0,5.0,1,1
1.0,1.0,30.0,3.2,-1.49,-1.96,1.0,3.0,0.0,4.0,0,0
2.0,1.0,39.0,3.6,-1.1,-1.33,1.0,2.0,1.0,6.0,1,1
2.0,1.0,41.0,3.1,-0.84,-1.41,1.0,4.0,1.0,4.0,1,1
1.0,1.0,27.0,3.4,-1.81,-1.41,1.0,2.0,0.0,4.0,0,1
3.0,4.0,35.0,3.0,-0.59,-0.4,1.0,4.0,0.0,4.0,1,0
4.0,4.0,41.0,2.8,-0.42,-0.53,1.0,4.0,0.0,3.0,1,1
6.0,6.0,32.5,3.4,0.33,0.29,1.0,4.0,0.0,4.0,1,1
3.0,2.0,37.0,3.5,-0.61,-1.14,1.0,4.0,1.0,3.0,1,0
7.0,8.0,38.0,3.7,0.33,0.64,2.0,4.0,0.0,4.0,1,1
1.0,2.0,28.0,3.6,-1.16,-1.05,1.0,3.0,0.0,2.0,1,0
6.0,7.0,43.0,3.0,0.31,0.54,1.0,3.0,1.0,4.0,1,1
6.0,5.0,32.0,3.3,0.26,-0.12,1.0,3.0,1.0,3.0,1,1
8.0,6.0,37.0,3.4,0.81,0.26,1.0,3.0,1.0,4.0,1,1
2.0,1.0,21.0,3.2,-1.09,-1.31,1.0,3.0,1.0,3.0,0,0
8.0,7.0,29.0,3.7,0.79,0.49,1.0,4.0,1.0,2.0,1,1
8.0,7.0,44.0,3.3,0.75,0.44,1.0,4.0,1.0,5.0,1,1
7.0,8.0,35.5,2.4,0.38,0.8,1.0,5.0,1.0,5.0,1,1
8.0,6.0,37.0,3.9,0.61,0.08,1.0,3.0,0.0,3.0,0,1
8.0,8.0,38.0,3.6,0.69,0.61,1.0,3.0,1.0,4.0,1,1
8.0,8.0,33.0,3.1,0.68,0.64,1.0,4.0,1.0,4.0,1,1
10.0,10.0,38.0,3.6,1.46,1.86,1.0,4.0,1.0,4.0,1,1
8.0,6.0,41.0,2.8,0.66,0.01,1.0,3.0,0.0,3.0,1,1
2.0,1.0,37.0,3.5,-0.83,-1.76,1.0,4.0,0.0,5.0,0,1
2.0,1.0,41.0,3.2,-0.71,-1.9,1.0,4.0,1.0,3.0,1,1
2.0,4.0,38.0,2.8,-0.91,-0.37,1.0,4.0,0.0,3.0,1,1
6.0,6.0,45.0,3.6,0.21,0.21,1.0,5.0,0.0,4.0,1,1
9.0,9.0,32.0,3.4,0.98,1.14,1.0,4.0,1.0,3.0,1,1
1.0,1.0,19.5,3.1,-1.54,-2.84,1.0,2.0,0.0,3.0,0,0
7.0,9.0,43.0,3.0,0.48,1.17,1.0,5.0,1.0,3.0,1,1
6.0,6.0,35.0,3.3,0.24,0.03,2.0,3.0,1.0,5.0,1,0
3.0,3.0,39.0,3.2,-0.6,-0.85,1.0,3.0,0.0,4.0,1,1
5.0,5.0,35.0,3.1,-0.02,-0.18,1.0,2.0,1.0,4.0,1,1
4.0,3.0,35.3,2.7,-0.29,-0.85,1.0,4.0,1.0,5.0,1,0
4.0,6.0,41.0,3.2,-0.19,0.06,1.0,4.0,0.0,3.0,1,1
2.0,2.0,31.0,2.7,-0.91,-1.08,1.0,4.0,1.0,3.0,1,1
7.0,4.0,35.0,3.2,0.46,-0.5,1.0,2.0,1.0,2.0,1,1
7.0,9.0,36.0,2.3,0.5,1.03,2.0,4.0,1.0,3.0,1,1
5.0,4.0,35.0,3.1,-0.02,-0.4,1.0,3.0,1.0,3.0,1,1
5.0,5.0,36.0,3.2,-0.19,-0.17,1.0,3.0,1.0,5.0,1,1
5.0,3.0,35.0,3.2,-0.1,-0.89,1.0,3.0,1.0,3.0,1,1
10.0,10.0,34.0,3.2,1.85,1.6,1.0,4.0,1.0,4.0,1,1
3.0,1.0,28.0,3.3,-0.5,-1.54,1.0,2.0,0.0,3.0,0,1
4.0,3.0,42.0,3.1,-0.24,-0.83,1.0,4.0,0.0,3.0,1,0
1.0,1.0,38.0,3.4,-1.48,-1.81,1.0,3.0,1.0,3.0,1,1
1.0,2.0,35.7,3.0,-1.72,-1.14,1.0,4.0,0.0,3.0,1,0
6.0,5.0,41.0,2.7,0.15,0.01,1.0,4.0,1.0,4.0,0,1
1.0,1.0,40.0,3.2,-1.16,-1.39,1.0,4.0,0.0,3.0,1,1
7.0,6.0,27.7,3.3,0.33,0.08,1.0,3.0,1.0,3.0,1,1
8.0,8.0,42.0,3.4,0.7,0.56,1.0,3.0,1.0,4.0,1,1
2.0,1.0,42.0,3.2,-1.02,-1.63,1.0,3.0,1.0,5.0,0,0
5.0,5.0,40.0,3.2,-0.11,-0.12,1.0,4.0,1.0,4.0,1,1
3.0,2.0,30.0,3.1,-0.66,-1.0,1.0,3.0,1.0,2.0,1,0
9.0,10.0,41.0,3.9,0.95,1.34,1.0,4.0,1.0,4.0,1,1
8.0,6.0,35.5,3.0,0.76,0.23,1.0,4.0,0.0,4.0,1,0
4.0,4.0,35.0,3.4,-0.38,-0.42,2.0,3.0,0.0,5.0,1,1
2.0,2.0,38.0,3.6,-1.03,-0.92,1.0,4.0,1.0,3.0,1,1
2.0,2.0,43.0,3.2,-0.84,-0.93,1.0,1.0,1.0,2.0,1,0
7.0,8.0,33.0,3.5,0.54,0.87,1.0,4.0,0.0,3.0,1,1
1.0,1.0,31.0,3.1,-1.31,-1.6,1.0,2.0,1.0,5.0,0,0
8.0,9.0,48.0,3.6,0.78,0.84,1.0,4.0,1.0,6.0,1,1
7.0,7.0,40.0,3.1,0.39,0.43,1.0,4.0,0.0,3.0,1,1
8.0,8.0,39.0,3.5,0.83,0.59,1.0,5.0,1.0,6.0,1,1
10.0,10.0,41.0,3.3,1.37,1.82,1.0,3.0,1.0,5.0,1,1
10.0,10.0,37.0,3.5,2.33,2.53,1.0,3.0,0.0,3.0,1,1
6.0,5.0,26.0,3.6,0.26,-0.21,1.0,4.0,0.0,4.0,1,1
2.0,2.0,30.5,3.6,-1.06,-1.1,1.0,4.0,0.0,5.0,1,1
6.0,5.0,43.0,3.5,0.24,-0.2,1.0,4.0,1.0,5.0,1,1
8.0,6.0,39.0,2.9,0.58,0.15,1.0,4.0,1.0,3.0,1,1
3.0,1.0,48.0,3.8,-0.61,-1.4,1.0,4.0,1.0,5.0,1,1
2.0,3.0,36.0,3.1,-0.74,-0.84,1.0,3.0,1.0,3.0,1,0
6.0,7.0,40.0,3.4,0.15,0.39,1.0,3.0,0.0,3.0,1,1
1.0,1.0,25.0,2.7,-1.49,-1.46,1.0,3.0,0.0,2.0,0,0
5.0,2.0,35.5,2.5,-0.03,-1.26,1.0,4.0,0.0,3.0,1,0
1.0,1.0,28.0,2.7,-1.22,-1.37,1.0,2.0,1.0,4.0,0,0
10.0,9.0,32.0,3.3,1.32,1.25,1.0,3.0,1.0,4.0,1,1
9.0,9.0,35.5,2.3,1.14,1.28,2.0,3.0,1.0,5.0,1,1
4.0,4.0,37.0,3.7,-0.26,-0.36,1.0,4.0,1.0,5.0,0,1
8.0,8.0,43.0,3.0,0.82,0.58,1.0,2.0,1.0,3.0,1,1
8.0,8.0,37.0,3.3,0.73,0.67,1.0,3.0,1.0,3.0,1,1
9.0,7.0,41.0,3.1,0.92,0.44,1.0,4.0,1.0,5.0,1,1
2.0,2.0,25.0,2.8,-0.91,-0.95,1.0,2.0,0.0,4.0,1,0
2.0,1.0,33.0,3.1,-0.8,-1.29,1.0,3.0,0.0,2.0,1,0
3.0,2.0,38.0,3.7,-0.45,-1.21,1.0,4.0,0.0,4.0,1,1
3.0,2.0,35.0,3.2,-0.51,-1.21,2.0,1.0,0.0,3.0,0,0
4.0,3.0,42.0,3.6,-0.41,-0.68,1.0,4.0,1.0,4.0,1,1
2.0,2.0,30.0,3.8,-1.07,-1.19,1.0,1.0,1.0,6.0,0,1
2.0,1.0,33.0,3.6,-0.81,-1.42,1.0,3.0,0.0,3.0,1,1
9.0,9.0,38.0,2.9,1.08,0.97,1.0,3.0,1.0,3.0,1,1
4.0,5.0,43.0,3.9,-0.32,-0.18,1.0,4.0,1.0,4.0,1,1
1.0,1.0,32.7,2.8,-2.5,-1.53,1.0,4.0,0.0,4.0,1,1
2.0,3.0,28.0,3.1,-1.02,-0.57,1.0,4.0,1.0,5.0,1,1
2.0,4.0,46.0,3.5,-0.97,-0.37,1.0,4.0,0.0,5.0,1,1
3.0,3.0,40.0,3.0,-0.6,-0.63,1.0,3.0,0.0,4.0,1,1
7.0,6.0,34.0,2.8,0.33,0.05,1.0,3.0,0.0,3.0,1,1
10.0,10.0,48.0,3.5,1.89,1.3,1.0,4.0,1.0,4.0,1,1
3.0,5.0,33.0,3.8,-0.55,-0.11,1.0,4.0,0.0,3.0,1,1
10.0,10.0,39.0,3.4,1.54,1.53,1.0,3.0,0.0,5.0,1,1
8.0,8.0,42.0,3.3,0.77,0.65,1.0,4.0,1.0,2.0,1,1
6.0,6.0,30.0,3.8,0.28,0.04,2.0,3.0,0.0,4.0,0,1
9.0,10.0,35.0,3.3,0.88,1.44,1.0,4.0,1.0,3.0,1,1
3.0,2.0,37.0,3.1,-0.66,-1.21,1.0,5.0,0.0,4.0,1,1
1.0,1.0,39.0,3.5,-1.21,-1.72,1.0,4.0,1.0,6.0,1,1
8.0,8.0,40.0,3.6,0.83,0.82,2.0,3.0,0.0,4.0,1,1
9.0,10.0,41.0,3.4,0.98,1.48,1.0,3.0,1.0,4.0,1,1
3.0,2.0,34.0,3.0,-0.6,-1.1,1.0,2.0,1.0,3.0,1,0
1.0,1.0,36.0,3.1,-1.39,-2.16,1.0,3.0,1.0,5.0,1,0
8.0,5.0,38.0,3.1,0.58,-0.13,1.0,3.0,1.0,5.0,1,0
4.0,5.0,17.0,3.6,-0.26,-0.27,1.0,2.0,1.0,1.0,0,0
8.0,8.0,44.0,3.7,0.61,0.72,1.0,4.0,0.0,5.0,1,1
9.0,9.0,34.0,3.2,1.12,1.19,1.0,4.0,1.0,3.0,1,1
7.0,5.0,36.0,2.7,0.51,-0.04,1.0,4.0,1.0,3.0,1,1
8.0,9.0,35.0,3.5,0.81,1.33,1.0,4.0,1.0,2.0,1,1
5.0,5.0,34.0,2.4,-0.1,-0.21,1.0,4.0,1.0,2.0,1,1
5.0,8.0,41.0,3.6,0.03,0.58,1.0,4.0,1.0,3.0,1,1
6.0,8.0,39.0,3.4,0.21,0.84,1.0,3.0,0.0,3.0,1,1
1.0,2.0,31.0,2.9,-1.12,-0.97,1.0,4.0,1.0,2.0,1,0
2.0,3.0,29.0,3.0,-1.08,-0.68,1.0,4.0,0.0,4.0,0,1
5.0,3.0,36.0,3.3,-0.12,-0.58,1.0,4.0,1.0,3.0,1,1
1.0,1.0,29.0,2.9,-1.36,-1.66,1.0,2.0,0.0,4.0,0,0
2.0,1.0,33.0,3.5,-0.86,-1.37,1.0,3.0,0.0,4.0,1,1
7.0,6.0,32.0,3.3,0.48,0.19,1.0,3.0,0.0,3.0,1,0
9.0,8.0,39.0,3.5,0.95,0.71,1.0,5.0,0.0,3.0,1,1
2.0,2.0,24.0,2.8,-1.08,-1.25,1.0,1.0,0.0,3.0,0,1
10.0,8.0,43.0,3.2,1.47,0.63,1.0,4.0,1.0,2.0,1,1
4.0,7.0,41.0,3.7,-0.31,0.42,1.0,4.0,1.0,6.0,1,1
2.0,4.0,27.0,2.7,-0.73,-0.56,2.0,4.0,0.0,3.0,1,0
10.0,10.0,42.0,3.6,1.63,1.39,1.0,3.0,0.0,6.0,1,1
2.0,7.0,32.0,3.2,-0.95,0.35,2.0,3.0,0.0,5.0,1,1
10.0,10.0,29.5,3.6,1.63,1.63,1.0,4.0,1.0,2.0,1,1
8.0,6.0,25.0,3.7,0.79,0.1,1.0,3.0,0.0,2.0,1,0
10.0,9.0,34.5,3.4,1.33,1.18,1.0,4.0,1.0,3.0,1,1
10.0,10.0,37.0,3.8,1.6,1.59,1.0,4.0,0.0,4.0,1,1
8.0,8.0,33.0,3.7,0.71,0.58,1.0,4.0,1.0,2.0,1,1
3.0,3.0,42.0,3.5,-0.69,-0.79,1.0,4.0,1.0,4.0,1,1
4.0,5.0,31.0,3.3,-0.11,-0.09,1.0,3.0,0.0,1.0,1,1
3.0,4.0,38.0,3.5,-0.65,-0.45,1.0,3.0,0.0,5.0,1,1
1.0,2.0,44.0,3.2,-1.5,-1.22,1.0,3.0,1.0,4.0,1,0
6.0,6.0,42.0,3.7,0.24,0.04,1.0,4.0,1.0,6.0,1,1
1.0,1.0,29.5,2.0,-1.13,-1.36,2.0,4.0,0.0,3.0,0,0
9.0,9.0,41.0,3.3,1.05,1.04,1.0,4.0,1.0,5.0,1,1
5.0,4.0,34.0,2.8,-0.15,-0.36,1.0,2.0,1.0,2.0,1,1
1.0,2.0,35.0,3.1,-1.17,-1.13,1.0,3.0,1.0,4.0,1,0
1.0,1.0,41.0,2.9,-1.64,-1.83,1.0,1.0,1.0,4.0,1,1
4.0,6.0,42.0,2.9,-0.16,0.11,1.0,3.0,0.0,4.0,1,1
8.0,10.0,38.0,2.1,0.73,1.47,2.0,4.0,1.0,3.0,1,1
5.0,6.0,40.0,3.1,-0.06,-0.02,1.0,4.0,1.0,3.0,1,1
9.0,6.0,34.0,2.5,1.12,0.07,1.0,4.0,0.0,2.0,1,1
8.0,8.0,40.0,3.2,0.71,0.83,1.0,3.0,0.0,5.0,1,1
6.0,1.0,32.0,3.3,0.1,-2.88,2.0,5.0,0.0,5.0,1,0
9.0,8.0,36.0,3.2,0.96,0.77,1.0,3.0,0.0,2.0,1,0
3.0,2.0,37.0,2.2,-0.47,-0.9,2.0,5.0,1.0,3.0,1,0
5.0,5.0,33.0,3.1,0.05,-0.22,1.0,3.0,1.0,3.0,1,1
2.0,1.0,33.0,2.8,-0.96,-1.42,1.0,3.0,1.0,5.0,0,1
7.0,6.0,39.0,2.6,0.46,0.06,1.0,4.0,0.0,2.0,1,1
4.0,5.0,33.0,2.3,-0.35,-0.23,2.0,4.0,1.0,4.0,1,0
9.0,10.0,37.0,3.8,1.19,1.61,1.0,4.0,0.0,3.0,1,1
9.0,8.0,48.0,3.4,0.88,0.61,1.0,2.0,1.0,5.0,1,1
5.0,6.0,35.0,3.4,-0.13,0.12,1.0,2.0,0.0,3.0,1,1
7.0,8.0,39.0,3.3,0.55,0.8,1.0,4.0,1.0,3.0,1,1
1.0,2.0,36.0,3.5,-1.45,-0.93,2.0,4.0,0.0,3.0,1,0
6.0,6.0,39.0,3.4,0.26,0.21,1.0,4.0,1.0,3.0,1,1
6.0,5.0,29.0,2.6,0.06,-0.11,1.0,4.0,1.0,2.0,1,1
8.0,7.0,37.0,3.8,0.75,0.49,1.0,4.0,1.0,4.0,1,1
5.0,7.0,41.0,3.1,0.0,0.55,1.0,2.0,1.0,4.0,1,1
4.0,3.0,33.5,3.4,-0.43,-0.74,1.0,5.0,1.0,4.0,1,1
9.0,10.0,37.0,3.6,1.24,1.8,1.0,3.0,1.0,3.0,1,1
9.0,9.0,36.0,2.9,1.23,1.26,1.0,2.0,1.0,2.0,1,1
5.0,4.0,31.5,3.6,-0.14,-0.26,1.0,4.0,1.0,4.0,1,1
6.0,7.0,40.0,3.2,0.23,0.31,1.0,4.0,0.0,5.0,1,1
2.0,1.0,29.0,3.6,-1.03,-1.67,1.0,3.0,1.0,5.0,1,0
8.0,9.0,32.5,3.9,0.62,1.14,1.0,3.0,0.0,3.0,1,1
5.0,3.0,33.0,3.6,-0.03,-0.78,2.0,4.0,0.0,3.0,1,1
9.0,8.0,38.0,3.5,0.89,0.77,1.0,3.0,1.0,5.0,0,1
2.0,6.0,37.0,3.3,-1.1,-0.01,1.0,5.0,0.0,3.0,1,0
10.0,10.0,40.0,3.6,1.52,1.29,1.0,4.0,1.0,4.0,1,1
10.0,7.0,32.5,2.7,1.34,0.47,1.0,4.0,1.0,4.0,1,0
10.0,10.0,36.5,2.5,2.13,2.21,1.0,4.0,1.0,5.0,1,1
10.0,10.0,48.0,3.4,1.46,1.42,1.0,4.0,1.0,6.0,1,1
9.0,5.0,38.0,3.2,1.3,-0.13,1.0,5.0,0.0,6.0,0,1
7.0,7.0,36.0,2.9,0.34,0.27,2.0,4.0,1.0,3.0,1,1
7.0,7.0,39.0,2.7,0.39,0.27,1.0,3.0,1.0,3.0,1,1
4.0,3.0,48.0,2.8,-0.25,-0.69,1.0,4.0,1.0,4.0,1,1
9.0,8.0,44.0,3.2,1.05,0.76,1.0,3.0,1.0,4.0,1,1
9.0,9.0,48.0,2.0,1.04,0.92,1.0,4.0,1.0,4.0,1,1
7.0,9.0,40.0,2.7,0.39,1.0,1.0,4.0,1.0,3.0,1,1
2.0,2.0,35.0,2.8,-0.72,-1.15,1.0,5.0,1.0,3.0,1,0
9.0,9.0,38.0,3.5,0.98,1.19,1.0,4.0,0.0,4.0,1,1
2.0,1.0,42.5,3.3,-1.12,-1.94,1.0,3.0,0.0,6.0,1,1
10.0,10.0,35.0,2.8,1.54,1.48,2.0,4.0,1.0,5.0,1,1
3.0,3.0,26.3,3.6,-0.56,-0.83,2.0,3.0,0.0,3.0,1,0
10.0,10.0,37.0,3.0,1.59,1.67,1.0,4.0,1.0,3.0,1,1
1.0,1.0,28.0,2.8,-1.38,-1.97,1.0,5.0,0.0,3.0,0,0
6.0,4.0,31.0,2.6,0.12,-0.36,2.0,5.0,0.0,3.0,1,1
3.0,3.0,30.0,3.4,-0.59,-0.7,1.0,3.0,0.0,3.0,1,1
6.0,4.0,46.0,2.5,0.21,-0.44,1.0,3.0,1.0,3.0,1,1
3.0,3.0,31.0,3.4,-0.54,-0.59,1.0,4.0,1.0,5.0,1,0
8.0,7.0,39.0,3.7,0.62,0.53,1.0,3.0,0.0,4.0,1,1
1.0,1.0,38.0,3.2,-1.55,-2.22,2.0,4.0,1.0,4.0,1,0
6.0,3.0,45.0,2.2,0.12,-0.78,1.0,5.0,1.0,3.0,1,1
10.0,10.0,42.0,4.0,1.67,1.98,1.0,3.0,0.0,4.0,1,1
4.0,6.0,39.0,3.6,-0.22,-0.02,1.0,4.0,0.0,3.0,1,1
1.0,1.0,23.0,3.4,-1.83,-1.89,1.0,3.0,0.0,5.0,0,0
4.0,4.0,30.0,3.0,-0.33,-0.29,1.0,5.0,0.0,3.0,1,0
8.0,7.0,37.0,3.7,0.74,0.54,1.0,4.0,1.0,3.0,1,1
8.0,7.0,48.0,3.6,0.67,0.4,1.0,4.0,0.0,6.0,1,1
1.0,1.0,33.0,3.4,-2.29,-2.77,1.0,4.0,1.0,3.0,1,0
7.0,7.0,42.0,3.1,0.4,0.39,1.0,3.0,0.0,5.0,0,1
5.0,2.0,38.0,3.4,-0.06,-1.09,1.0,3.0,1.0,4.0,1,0
10.0,10.0,38.0,3.7,1.86,2.11,1.0,4.0,1.0,4.0,1,1
3.0,2.0,16.0,2.9,-0.5,-1.22,2.0,4.0,1.0,3.0,0,0
5.0,7.0,46.0,3.3,0.07,0.32,1.0,1.0,1.0,4.0,1,1
9.0,8.0,37.0,3.9,1.13,0.87,1.0,3.0,1.0,4.0,0,1
7.0,6.0,42.0,3.2,0.55,0.2,1.0,2.0,1.0,4.0,1,1
6.0,6.0,39.0,3.4,0.17,0.04,1.0,4.0,0.0,5.0,1,1
5.0,8.0,35.0,3.8,-0.06,0.57,1.0,3.0,0.0,4.0,1,1
3.0,2.0,36.0,3.3,-0.44,-0.99,1.0,4.0,0.0,3.0,1,1
1.0,1.0,23.5,3.0,-1.39,-1.76,1.0,3.0,1.0,3.0,0,0
9.0,9.0,34.0,3.6,0.9,0.9,1.0,4.0,0.0,5.0,1,1
4.0,4.0,27.0,3.1,-0.41,-0.37,1.0,4.0,0.0,3.0,0,1
8.0,9.0,36.0,3.2,0.74,0.93,1.0,4.0,1.0,4.0,1,1
4.0,4.0,36.0,2.8,-0.38,-0.39,1.0,4.0,1.0,3.0,1,1
5.0,5.0,35.0,3.1,-0.04,-0.21,1.0,4.0,0.0,3.0,1,1
5.0,7.0,33.0,3.9,0.06,0.4,1.0,2.0,0.0,4.0,1,1
1.0,1.0,34.0,3.7,-1.23,-1.45,1.0,4.0,0.0,4.0,1,0
7.0,6.0,40.0,3.3,0.46,0.13,1.0,2.0,1.0,3.0,1,1
5.0,4.0,37.0,3.8,-0.03,-0.26,1.0,5.0,1.0,4.0,1,1
4.0,5.0,29.0,3.3,-0.18,-0.22,1.0,3.0,0.0,4.0,0,1
4.0,3.0,35.0,3.4,-0.21,-0.87,1.0,4.0,0.0,3.0,1,0
10.0,10.0,42.0,3.9,1.6,1.91,1.0,4.0,0.0,6.0,1,1
10.0,10.0,36.0,3.5,1.6,1.32,1.0,3.0,0.0,4.0,1,1
3.0,2.0,32.0,2.1,-0.53,-1.26,1.0,2.0,1.0,3.0,0,0
5.0,6.0,34.0,2.2,-0.12,0.1,1.0,3.0,1.0,2.0,1,1
8.0,7.0,45.0,3.2,0.78,0.54,1.0,5.0,1.0,4.0,1,1
1.0,5.0,39.0,2.9,-1.14,-0.18,1.0,3.0,0.0,3.0,1,1
3.0,6.0,36.5,3.0,-0.44,0.04,1.0,4.0,0.0,4.0,1,1
3.0,4.0,41.5,3.3,-0.69,-0.46,1.0,4.0,0.0,4.0,1,1
3.0,1.0,37.5,3.6,-0.82,-1.49,1.0,4.0,0.0,6.0,0,1
8.0,7.0,37.0,3.0,0.76,0.25,2.0,4.0,0.0,2.0,1,0
4.0,3.0,34.0,2.9,-0.36,-0.64,1.0,2.0,1.0,2.0,1,1
7.0,5.0,36.0,3.0,0.57,-0.22,1.0,4.0,1.0,4.0,1,1
1.0,1.0,32.3,3.2,-1.51,-1.51,1.0,4.0,0.0,5.0,1,0
4.0,5.0,32.0,2.8,-0.38,-0.21,1.0,4.0,1.0,3.0,1,1
5.0,4.0,42.0,3.4,-0.06,-0.47,1.0,3.0,1.0,4.0,1,1
4.0,6.0,42.0,3.3,-0.35,0.08,1.0,5.0,1.0,3.0,1,1
5.0,4.0,31.0,3.9,-0.15,-0.39,1.0,3.0,0.0,5.0,1,1
1.0,1.0,36.0,3.2,-1.23,-1.59,1.0,4.0,1.0,4.0,1,1
8.0,9.0,40.0,2.6,0.73,0.95,1.0,3.0,1.0,4.0,1,1
3.0,4.0,31.3,3.0,-0.6,-0.34,1.0,4.0,1.0,3.0,1,1
2.0,3.0,30.5,3.0,-1.09,-0.56,1.0,5.0,0.0,3.0,1,1
5.0,7.0,39.0,3.6,0.03,0.43,1.0,3.0,0.0,4.0,1,1
6.0,7.0,36.0,3.6,0.3,0.53,1.0,3.0,0.0,3.0,1,1
9.0,9.0,33.0,3.5,0.89,1.17,1.0,3.0,1.0,3.0,1,1
3.0,5.0,41.0,3.7,-0.65,-0.09,1.0,4.0,0.0,5.0,1,1
2.0,1.0,42.0,3.5,-0.86,-2.02,1.0,4.0,1.0,4.0,1,0
9.0,10.0,42.0,3.5,1.23,1.44,1.0,4.0,1.0,4.0,1,1
10.0,10.0,44.0,3.7,1.63,1.41,1.0,3.0,0.0,5.0,1,1
7.0,5.0,33.0,3.1,0.48,-0.14,1.0,3.0,1.0,3.0,1,1
7.0,8.0,33.0,3.2,0.42,0.76,1.0,2.0,0.0,3.0,1,1
9.0,9.0,46.0,4.0,1.38,1.15,1.0,2.0,0.0,6.0,1,1
1.0,1.0,21.0,2.7,-1.22,-2.11,1.0,3.0,0.0,4.0,0,0
7.0,6.0,32.5,3.7,0.5,0.08,1.0,3.0,1.0,4.0,1,1
10.0,10.0,38.0,2.8,1.32,1.41,1.0,3.0,1.0,3.0,1,1
3.0,3.0,32.0,3.5,-0.77,-0.67,1.0,4.0,0.0,6.0,1,1
7.0,6.0,42.0,3.2,0.34,0.17,1.0,4.0,1.0,5.0,1,0
5.0,8.0,35.0,3.1,-0.06,0.65,1.0,5.0,1.0,3.0,1,1
7.0,7.0,47.0,3.9,0.52,0.52,1.0,4.0,0.0,6.0,1,1
5.0,7.0,37.0,3.4,-0.06,0.37,1.0,2.0,0.0,4.0,1,1
5.0,3.0,31.0,2.7,-0.03,-0.72,1.0,4.0,1.0,3.0,1,1
7.0,8.0,41.0,3.3,0.48,0.83,1.0,3.0,0.0,3.0,1,1
5.0,5.0,24.0,3.4,0.12,-0.17,1.0,2.0,0.0,1.0,0,0
2.0,3.0,34.5,3.3,-0.95,-0.8,1.0,4.0,0.0,6.0,1,1
8.0,8.0,37.0,3.1,0.65,0.59,2.0,4.0,1.0,3.0,1,1
6.0,6.0,34.0,2.7,0.2,0.01,1.0,4.0,1.0,3.0,1,1
4.0,5.0,45.0,3.7,-0.2,-0.17,1.0,4.0,1.0,6.0,1,1
1.0,1.0,36.0,2.9,-1.77,-1.9,1.0,4.0,1.0,3.0,1,0
10.0,10.0,40.0,3.8,1.73,1.63,1.0,3.0,1.0,2.0,1,1
4.0,4.0,41.0,3.0,-0.39,-0.35,1.0,4.0,1.0,3.0,1,1
6.0,4.0,39.0,2.5,0.2,-0.47,2.0,4.0,1.0,5.0,1,1
8.0,10.0,46.0,4.0,0.86,1.74,1.0,4.0,0.0,6.0,1,1
10.0,10.0,34.0,3.4,1.73,1.59,1.0,3.0,1.0,3.0,1,1
9.0,9.0,39.0,3.0,1.03,1.26,1.0,4.0,1.0,4.0,1,1
6.0,5.0,44.0,3.0,0.3,-0.19,2.0,1.0,1.0,3.0,1,1
4.0,2.0,29.5,2.8,-0.33,-1.02,2.0,3.0,0.0,3.0,0,1
5.0,3.0,38.0,3.0,-0.15,-0.64,1.0,3.0,0.0,4.0,1,1
2.0,1.0,37.0,3.2,-0.82,-1.91,1.0,4.0,0.0,4.0,1,0
2.0,4.0,28.0,3.6,-1.02,-0.45,1.0,4.0,0.0,5.0,1,1
5.0,2.0,33.0,2.4,-0.14,-0.91,1.0,4.0,1.0,2.0,1,1
5.0,4.0,39.0,3.3,-0.1,-0.41,1.0,4.0,1.0,4.0,1,1
3.0,4.0,32.0,4.0,-0.68,-0.48,1.0,3.0,0.0,4.0,1,1
1.0,3.0,39.0,3.2,-1.34,-0.77,1.0,4.0,1.0,3.0,1,1
7.0,7.0,41.0,3.5,0.52,0.41,1.0,3.0,1.0,6.0,1,1
10.0,8.0,42.0,3.3,1.31,0.83,1.0,4.0,1.0,4.0,1,1
3.0,3.0,36.0,3.5,-0.6,-0.6,1.0,4.0,0.0,5.0,1,1
8.0,9.0,38.0,3.1,0.84,0.94,1.0,5.0,0.0,3.0,1,1
6.0,9.0,39.0,3.6,0.13,0.88,1.0,4.0,0.0,3.0,1,1
9.0,9.0,33.0,3.4,1.04,1.21,1.0,4.0,0.0,2.0,1,1
6.0,5.0,37.0,2.7,0.11,-0.15,1.0,4.0,1.0,3.0,1,1
3.0,3.0,33.0,3.1,-0.52,-0.58,2.0,4.0,1.0,3.0,1,1
7.0,7.0,30.0,2.7,0.56,0.28,1.0,2.0,0.0,1.0,0,0
2.0,3.0,32.0,3.0,-0.95,-0.62,1.0,3.0,0.0,4.0,1,1
6.0,8.0,40.0,4.0,0.27,0.71,1.0,3.0,0.0,5.0,1,1
1.0,1.0,27.0,3.7,-1.72,-1.54,1.0,4.0,1.0,2.0,1,1
5.0,4.0,35.0,3.7,-0.03,-0.34,1.0,4.0,1.0,4.0,1,1
7.0,5.0,32.0,3.2,0.45,-0.14,2.0,2.0,0.0,5.0,1,0
6.0,5.0,29.5,2.6,0.22,-0.14,2.0,3.0,1.0,2.0,1,1
3.0,3.0,36.0,3.0,-0.57,-0.76,1.0,4.0,0.0,5.0,1,0
7.0,4.0,45.0,2.9,0.52,-0.22,1.0,2.0,1.0,6.0,1,1
7.0,7.0,40.0,3.6,0.35,0.43,1.0,3.0,1.0,5.0,1,1
8.0,5.0,43.0,3.8,0.78,-0.11,1.0,3.0,1.0,6.0,1,1
1.0,3.0,36.0,2.9,-1.28,-0.77,1.0,3.0,1.0,3.0,1,1
4.0,2.0,46.0,3.8,-0.25,-1.04,1.0,3.0,0.0,5.0,1,1
10.0,6.0,39.0,3.5,2.3,0.23,1.0,3.0,1.0,6.0,1,1
7.0,7.0,38.0,3.3,0.47,0.28,1.0,4.0,1.0,3.0,1,1
9.0,9.0,43.0,3.0,1.05,0.9,1.0,4.0,1.0,4.0,1,1
10.0,10.0,48.0,3.7,2.02,1.82,1.0,5.0,1.0,4.0,1,1
5.0,8.0,39.0,3.3,-0.15,0.54,1.0,3.0,1.0,5.0,1,1
5.0,3.0,37.0,2.9,-0.1,-0.82,1.0,3.0,1.0,4.0,1,1
5.0,6.0,36.5,2.9,0.04,0.18,1.0,3.0,1.0,6.0,1,1
10.0,10.0,45.0,4.0,1.95,1.89,1.0,3.0,0.0,4.0,1,1
2.0,1.0,25.0,3.3,-0.75,-1.53,1.0,3.0,0.0,3.0,0,0
8.0,7.0,36.0,3.8,0.7,0.53,1.0,4.0,1.0,3.0,1,1
5.0,4.0,39.0,2.7,0.01,-0.5,1.0,2.0,0.0,2.0,1,0
8.0,7.0,39.0,3.8,0.77,0.55,1.0,4.0,0.0,4.0,1,1
4.0,4.0,26.0,2.7,-0.1,-0.5,1.0,2.0,1.0,1.0,0,0
1.0,1.0,20.0,2.4,-1.14,-1.51,1.0,4.0,0.0,1.0,0,0
4.0,2.0,41.0,3.2,-0.38,-1.11,1.0,3.0,0.0,5.0,1,0
4.0,9.0,39.0,3.6,-0.3,0.91,1.0,4.0,1.0,3.0,1,1
3.0,3.0,38.0,2.9,-0.73,-0.71,1.0,4.0,1.0,4.0,1,1
7.0,6.0,39.0,3.2,0.59,0.13,1.0,3.0,0.0,4.0,1,1
7.0,5.0,34.0,2.7,0.34,-0.12,1.0,5.0,1.0,2.0,1,1
9.0,10.0,36.0,3.0,1.13,1.36,2.0,4.0,1.0,5.0,1,1
9.0,7.0,37.0,3.6,1.06,0.48,1.0,3.0,1.0,5.0,1,1
1.0,1.0,25.0,3.6,-2.16,-1.66,1.0,3.0,1.0,4.0,0,0
9.0,9.0,48.0,3.7,1.2,1.16,1.0,3.0,1.0,4.0,1,1
2.0,2.0,40.0,3.0,-1.1,-0.91,1.0,3.0,1.0,4.0,1,1
10.0,10.0,46.0,3.1,1.36,1.79,1.0,4.0,1.0,5.0,1,1
9.0,9.0,32.0,3.2,1.18,0.99,2.0,3.0,0.0,5.0,0,1
8.0,8.0,44.0,3.8,0.79,0.7,1.0,4.0,0.0,5.0,1,1
1.0,2.0,43.5,3.8,-1.31,-1.0,1.0,3.0,1.0,5.0,1,1
7.0,9.0,40.0,3.6,0.41,1.24,2.0,3.0,1.0,4.0,1,1
10.0,10.0,34.0,3.6,1.68,1.93,1.0,3.0,1.0,4.0,1,1
3.0,2.0,36.0,3.8,-0.66,-0.97,1.0,4.0,1.0,3.0,1,0
8.0,9.0,35.0,2.8,0.64,1.24,2.0,4.0,1.0,3.0,1,1
5.0,6.0,34.5,2.7,-0.16,0.17,1.0,4.0,1.0,2.0,1,1
9.0,10.0,38.0,3.6,1.25,1.57,1.0,3.0,0.0,5.0,1,1
8.0,8.0,35.0,3.0,0.69,0.73,1.0,2.0,0.0,3.0,1,1
7.0,7.0,35.0,3.7,0.59,0.5,1.0,3.0,0.0,4.0,1,1
5.0,3.0,36.0,3.2,-0.07,-0.8,1.0,3.0,1.0,3.0,1,0
1.0,1.0,42.0,3.5,-1.84,-1.76,1.0,4.0,0.0,5.0,1,1
5.0,6.0,37.0,3.1,-0.16,0.12,1.0,4.0,1.0,3.0,1,1
5.0,5.0,45.0,3.8,-0.04,-0.12,1.0,3.0,0.0,6.0,1,1
9.0,9.0,46.0,3.5,1.08,1.21,1.0,4.0,1.0,6.0,1,1
5.0,2.0,28.0,3.3,0.01,-0.89,1.0,4.0,1.0,4.0,1,0
8.0,8.0,48.0,3.7,0.76,0.58,1.0,5.0,0.0,4.0,1,1
2.0,1.0,32.0,3.1,-0.84,-1.36,1.0,4.0,1.0,3.0,0,1
5.0,2.0,41.0,3.9,0.06,-0.92,1.0,2.0,1.0,6.0,1,1
6.0,7.0,35.5,3.6,0.21,0.48,1.0,4.0,0.0,4.0,1,1
10.0,8.0,32.0,3.0,1.24,0.84,1.0,4.0,1.0,2.0,1,1
3.0,2.0,37.5,3.1,-0.62,-0.88,1.0,4.0,1.0,4.0,1,0
4.0,6.0,30.5,2.9,-0.37,0.01,1.0,4.0,0.0,3.0,1,1
3.0,3.0,28.0,3.7,-0.62,-0.84,1.0,2.0,0.0,3.0,1,1
8.0,8.0,44.0,4.0,0.86,0.68,1.0,3.0,0.0,6.0,1,1
8.0,7.0,41.0,3.6,0.84,0.51,1.0,4.0,0.0,4.0,1,1
1.0,2.0,37.0,3.6,-2.79,-1.06,1.0,5.0,0.0,4.0,1,0
2.0,3.0,30.0,3.4,-0.98,-0.67,2.0,3.0,1.0,3.0,1,0
10.0,10.0,40.0,3.5,1.54,1.31,1.0,4.0,0.0,3.0,1,1
6.0,6.0,35.3,3.3,0.22,0.08,1.0,5.0,1.0,3.0,1,1
7.0,7.0,33.5,3.5,0.5,0.47,1.0,4.0,0.0,3.0,1,1
1.0,3.0,32.5,3.1,-1.12,-0.74,1.0,4.0,1.0,3.0,1,0
7.0,8.0,44.0,4.0,0.42,0.78,1.0,3.0,1.0,6.0,1,1
4.0,8.0,33.5,2.9,-0.21,0.67,1.0,4.0,0.0,3.0,1,1
9.0,9.0,33.0,3.4,0.91,1.2,1.0,4.0,0.0,2.0,1,1
7.0,8.0,33.0,3.1,0.3,0.61,1.0,5.0,1.0,2.0,1,1
4.0,4.0,38.7,3.3,-0.4,-0.51,1.0,3.0,0.0,4.0,1,1
1.0,2.0,37.0,3.3,-1.34,-1.21,1.0,1.0,0.0,6.0,1,0
10.0,9.0,36.0,2.9,1.98,0.91,1.0,5.0,1.0,5.0,1,1
8.0,6.0,36.0,3.2,0.83,0.04,1.0,3.0,1.0,3.0,1,1
3.0,1.0,24.0,2.6,-0.53,-1.77,1.0,3.0,0.0,1.0,0,0
1.0,2.0,30.0,3.4,-1.33,-1.26,1.0,3.0,0.0,3.0,1,0
10.0,10.0,41.0,3.6,1.55,1.65,1.0,3.0,0.0,5.0,1,1
5.0,4.0,44.0,3.4,0.01,-0.25,1.0,3.0,0.0,5.0,1,1
8.0,7.0,32.0,3.0,0.68,0.46,2.0,3.0,0.0,4.0,1,1
1.0,1.0,22.7,2.5,-1.34,-1.56,1.0,3.0,1.0,4.0,0,0
4.0,1.0,35.0,3.4,-0.34,-1.26,1.0,4.0,1.0,2.0,1,0
10.0,8.0,38.0,2.4,1.73,0.78,1.0,4.0,1.0,3.0,1,1
10.0,8.0,41.0,2.4,1.61,0.7,1.0,3.0,1.0,3.0,1,1
4.0,4.0,41.0,3.5,-0.26,-0.46,1.0,3.0,0.0,4.0,1,1
2.0,2.0,33.0,2.5,-0.97,-1.15,1.0,3.0,1.0,2.0,1,0
3.0,3.0,38.0,3.8,-0.52,-0.6,1.0,4.0,1.0,5.0,1,1
6.0,7.0,44.0,3.5,0.32,0.36,1.0,5.0,1.0,4.0,1,0
1.0,1.0,33.0,3.4,-1.61,-1.98,1.0,2.0,0.0,2.0,1,0
2.0,7.0,35.0,3.6,-0.95,0.38,1.0,3.0,0.0,3.0,1,1
7.0,8.0,35.0,3.5,0.48,0.81,1.0,4.0,0.0,3.0,1,1
1.0,2.0,40.0,3.1,-1.23,-1.06,1.0,1.0,1.0,5.0,0,1
1.0,1.0,24.0,3.4,-1.49,-1.92,1.0,1.0,1.0,3.0,0,0
8.0,8.0,34.0,3.1,0.86,0.68,1.0,3.0,1.0,3.0,1,1
8.0,9.0,39.5,3.5,0.74,0.88,1.0,4.0,1.0,4.0,1,1
4.0,6.0,37.0,3.8,-0.33,0.17,1.0,4.0,0.0,4.0,1,1
1.0,1.0,22.5,2.1,-2.16,-2.33,1.0,2.0,1.0,4.0,0,0
10.0,9.0,48.0,3.3,1.69,1.24,1.0,2.0,1.0,6.0,1,1
10.0,10.0,40.0,3.6,1.61,1.58,1.0,4.0,1.0,3.0,1,1
5.0,6.0,32.5,2.8,0.0,-0.01,1.0,4.0,1.0,2.0,1,1
1.0,4.0,39.0,3.1,-1.15,-0.4,1.0,4.0,1.0,4.0,1,1
7.0,8.0,33.0,3.0,0.32,0.55,1.0,4.0,1.0,3.0,1,1
9.0,9.0,44.0,4.0,1.03,1.16,1.0,4.0,1.0,6.0,1,1
7.0,9.0,40.0,3.1,0.51,1.13,1.0,2.0,0.0,5.0,1,1
5.0,6.0,41.0,2.4,-0.02,0.23,1.0,5.0,0.0,3.0,1,1
1.0,2.0,37.0,3.0,-1.21,-1.28,1.0,4.0,1.0,5.0,0,1
4.0,4.0,39.0,3.8,-0.23,-0.53,1.0,4.0,1.0,4.0,0,1
6.0,6.0,32.0,3.6,0.26,0.23,1.0,3.0,1.0,3.0,1,1
8.0,9.0,37.0,2.3,0.75,0.92,1.0,4.0,1.0,3.0,1,1
6.0,5.0,28.0,3.2,0.31,-0.16,1.0,4.0,0.0,3.0,1,0
10.0,8.0,39.0,3.4,1.29,0.82,1.0,4.0,1.0,5.0,1,1
9.0,6.0,41.0,3.2,0.9,0.06,1.0,4.0,1.0,3.0,1,1
10.0,10.0,36.0,3.8,1.85,2.34,1.0,4.0,1.0,5.0,1,1
9.0,9.0,18.0,3.5,0.95,0.98,1.0,1.0,0.0,1.0,0,0
9.0,7.0,40.0,3.2,0.89,0.39,1.0,2.0,1.0,3.0,1,1
7.0,8.0,35.0,3.2,0.46,0.61,1.0,3.0,1.0,3.0,1,1
6.0,5.0,41.0,2.8,0.16,-0.18,1.0,4.0,0.0,3.0,1,1
9.0,9.0,41.0,2.6,1.22,1.16,1.0,1.0,1.0,3.0,1,1
4.0,4.0,37.0,2.9,-0.34,-0.33,2.0,3.0,0.0,3.0,1,0
2.0,1.0,36.0,3.7,-0.8,-1.43,2.0,2.0,0.0,4.0,1,1
9.0,7.0,40.0,3.7,1.23,0.38,1.0,5.0,1.0,6.0,1,1
7.0,6.0,32.0,3.0,0.46,0.09,1.0,2.0,0.0,1.0,0,1
9.0,10.0,42.0,2.6,1.21,1.39,1.0,3.0,0.0,5.0,1,1
9.0,10.0,40.0,3.5,1.22,1.52,1.0,4.0,1.0,1.0,1,1
4.0,4.0,32.0,3.2,-0.24,-0.39,1.0,4.0,0.0,5.0,1,1
3.0,1.0,40.0,2.5,-0.71,-1.68,1.0,2.0,1.0,4.0,1,1
1.0,2.0,31.0,3.6,-1.32,-1.22,1.0,3.0,0.0,2.0,1,0
9.0,9.0,36.0,3.8,0.94,1.12,2.0,3.0,1.0,4.0,1,1
8.0,7.0,41.0,2.9,0.75,0.46,1.0,5.0,1.0,3.0,1,1
9.0,10.0,40.0,4.0,1.05,1.34,1.0,3.0,1.0,2.0,1,1
7.0,7.0,48.0,3.5,0.55,0.28,1.0,5.0,1.0,5.0,1,1
1.0,2.0,35.0,3.5,-1.3,-1.19,1.0,4.0,1.0,5.0,1,1
8.0,7.0,34.0,3.6,0.6,0.42,1.0,2.0,0.0,5.0,1,1
5.0,5.0,45.0,3.8,-0.15,0.01,1.0,4.0,0.0,5.0,1,1
9.0,10.0,45.0,3.6,1.0,1.53,1.0,5.0,0.0,5.0,1,1
9.0,9.0,46.0,2.9,1.07,0.87,2.0,4.0,0.0,5.0,1,1
7.0,8.0,30.5,3.6,0.3,0.64,2.0,4.0,0.0,5.0,1,1
8.0,8.0,42.0,3.6,0.7,0.81,1.0,2.0,1.0,4.0,1,1
2.0,1.0,34.0,3.1,-0.73,-1.8,1.0,3.0,0.0,3.0,0,0
8.0,9.0,37.5,3.7,0.71,1.17,1.0,4.0,0.0,3.0,1,1
8.0,6.0,36.0,3.7,0.7,0.2,1.0,4.0,0.0,3.0,1,1
8.0,8.0,37.0,2.9,0.59,0.79,1.0,4.0,1.0,3.0,1,1
6.0,3.0,38.0,3.2,0.14,-0.8,1.0,3.0,1.0,3.0,1,1
10.0,10.0,39.0,4.0,2.88,2.87,1.0,3.0,0.0,5.0,1,1
4.0,3.0,43.0,3.1,-0.21,-0.56,1.0,3.0,0.0,4.0,1,0
9.0,7.0,41.0,3.3,0.99,0.43,1.0,4.0,0.0,4.0,1,1
7.0,8.0,31.0,3.3,0.35,0.75,1.0,4.0,1.0,3.0,1,1
7.0,6.0,36.0,3.3,0.55,0.23,1.0,2.0,0.0,1.0,1,1
10.0,9.0,44.0,4.0,1.44,1.15,1.0,4.0,1.0,4.0,1,1
3.0,3.0,31.0,3.8,-0.45,-0.68,1.0,2.0,1.0,4.0,1,1
1.0,1.0,34.0,3.5,-1.43,-1.42,1.0,5.0,0.0,5.0,1,0
3.0,4.0,33.0,2.8,-0.54,-0.45,1.0,4.0,1.0,5.0,1,1
3.0,3.0,33.0,3.0,-0.72,-0.9,1.0,4.0,0.0,2.0,1,0
4.0,4.0,39.0,3.4,-0.32,-0.38,1.0,3.0,1.0,3.0,1,1
4.0,3.0,37.0,3.2,-0.38,-0.64,1.0,4.0,1.0,4.0,1,1
3.0,2.0,36.0,3.2,-0.45,-1.13,2.0,4.0,0.0,4.0,1,1
7.0,8.0,34.0,2.9,0.33,0.59,1.0,4.0,0.0,3.0,1,1
2.0,3.0,41.0,2.9,-0.8,-0.56,1.0,3.0,1.0,5.0,1,1
7.0,7.0,24.0,3.0,0.46,0.35,1.0,4.0,1.0,5.0,1,1
3.0,2.0,33.0,3.9,-0.63,-1.25,1.0,2.0,0.0,4.0,1,1
6.0,7.0,41.0,4.0,0.15,0.36,1.0,4.0,0.0,6.0,1,1
6.0,6.0,47.0,3.7,0.1,0.24,1.0,2.0,1.0,5.0,1,1
2.0,5.0,38.0,3.9,-0.86,-0.22,1.0,3.0,0.0,2.0,1,0
8.0,8.0,41.0,3.6,0.79,0.77,1.0,4.0,0.0,4.0,1,1
4.0,4.0,34.0,3.1,-0.17,-0.4,1.0,4.0,0.0,4.0,1,0
10.0,10.0,41.0,3.4,1.6,1.5,1.0,4.0,0.0,4.0,1,1
10.0,10.0,36.0,3.9,1.9,2.09,1.0,3.0,0.0,5.0,1,1
5.0,8.0,43.0,3.6,0.0,0.67,1.0,4.0,1.0,6.0,1,1
5.0,4.0,40.0,2.9,0.03,-0.32,1.0,4.0,0.0,4.0,1,1
4.0,6.0,33.0,3.1,-0.2,0.1,1.0,4.0,1.0,3.0,1,1
4.0,2.0,35.0,3.4,-0.36,-0.92,1.0,3.0,1.0,5.0,1,1
7.0,9.0,34.0,3.4,0.41,1.24,1.0,3.0,0.0,3.0,1,1
2.0,3.0,37.0,2.9,-0.76,-0.74,2.0,3.0,1.0,4.0,0,1
4.0,3.0,37.0,2.7,-0.29,-0.62,2.0,2.0,1.0,5.0,1,0
8.0,9.0,40.0,3.3,0.59,0.87,1.0,3.0,1.0,3.0,1,1
2.0,4.0,23.0,3.6,-1.03,-0.54,2.0,3.0,0.0,3.0,1,0
7.0,4.0,45.0,3.6,0.34,-0.28,1.0,2.0,1.0,5.0,1,1
3.0,2.0,41.0,2.5,-0.5,-1.16,1.0,4.0,1.0,3.0,1,0
1.0,1.0,32.0,3.0,-1.15,-1.49,1.0,2.0,1.0,3.0,1,0
3.0,3.0,39.0,2.9,-0.46,-0.63,1.0,3.0,1.0,3.0,1,1
1.0,2.0,44.0,3.4,-1.4,-1.08,1.0,4.0,0.0,5.0,1,1
2.0,1.0,34.0,2.4,-0.76,-1.5,1.0,3.0,1.0,3.0,1,0
10.0,10.0,44.0,2.9,1.96,2.62,2.0,3.0,1.0,3.0,1,1
9.0,9.0,40.0,3.8,0.93,1.01,1.0,4.0,0.0,3.0,1,1
7.0,5.0,33.0,3.3,0.52,-0.08,1.0,4.0,1.0,4.0,0,1
8.0,7.0,33.5,3.2,0.63,0.5,1.0,4.0,0.0,2.0,1,1
8.0,7.0,37.0,2.9,0.66,0.39,1.0,4.0,0.0,3.0,1,1
6.0,4.0,39.0,3.3,0.1,-0.44,2.0,4.0,1.0,5.0,1,1
10.0,10.0,30.0,3.2,2.01,2.44,1.0,2.0,1.0,4.0,1,1
4.0,4.0,41.0,2.6,-0.37,-0.47,1.0,3.0,0.0,3.0,0,1
1.0,2.0,29.0,3.0,-1.23,-1.3,1.0,4.0,0.0,3.0,1,0
2.0,5.0,42.0,3.9,-1.03,-0.16,1.0,3.0,0.0,5.0,1,1
8.0,10.0,35.5,3.5,0.65,1.56,1.0,4.0,1.0,3.0,1,1
7.0,5.0,38.0,2.9,0.4,-0.01,1.0,4.0,1.0,4.0,1,1
10.0,10.0,35.0,3.4,1.34,1.42,1.0,4.0,0.0,4.0,1,1
3.0,3.0,33.0,2.6,-0.73,-0.54,2.0,3.0,1.0,5.0,1,1
2.0,4.0,31.0,3.1,-0.62,-0.55,1.0,2.0,0.0,1.0,0,1
6.0,6.0,34.0,3.5,0.17,0.05,1.0,4.0,0.0,3.0,1,1
4.0,4.0,37.0,3.5,-0.39,-0.39,1.0,4.0,1.0,4.0,1,1
7.0,7.0,32.5,3.0,0.52,0.32,1.0,4.0,1.0,2.0,1,1
1.0,1.0,27.0,3.7,-1.87,-1.49,1.0,3.0,1.0,4.0,1,1
1.0,1.0,27.0,4.0,-2.12,-2.23,1.0,2.0,1.0,5.0,0,0
8.0,10.0,38.0,3.2,0.71,1.29,1.0,4.0,1.0,4.0,1,1
5.0,5.0,41.0,3.4,-0.11,-0.08,1.0,4.0,1.0,3.0,1,1
9.0,9.0,47.0,3.4,1.22,0.94,1.0,4.0,1.0,4.0,1,1
9.0,8.0,36.0,2.7,1.09,0.86,1.0,3.0,1.0,3.0,1,1
2.0,2.0,30.5,3.2,-0.77,-1.02,1.0,4.0,1.0,3.0,1,1
1.0,1.0,36.0,2.9,-1.38,-1.41,1.0,4.0,0.0,3.0,1,0
8.0,4.0,29.0,3.5,0.58,-0.29,1.0,4.0,1.0,3.0,1,1
3.0,4.0,30.5,3.3,-0.69,-0.51,1.0,5.0,0.0,2.0,1,0
6.0,6.0,37.0,4.0,0.09,0.06,1.0,3.0,0.0,4.0,1,1
2.0,1.0,35.0,3.4,-0.79,-1.35,2.0,3.0,0.0,3.0,1,1
5.0,6.0,34.0,3.1,-0.03,0.08,2.0,4.0,0.0,3.0,1,0
2.0,1.0,35.0,3.7,-0.79,-1.59,1.0,3.0,1.0,3.0,1,0
1.0,3.0,36.0,3.5,-1.81,-0.88,1.0,4.0,1.0,3.0,1,1
7.0,4.0,42.0,3.0,0.36,-0.35,1.0,4.0,1.0,4.0,1,1
2.0,2.0,35.0,2.6,-0.8,-1.09,1.0,3.0,1.0,3.0,1,1
3.0,1.0,36.0,3.1,-0.61,-1.68,1.0,4.0,0.0,3.0,1,0
7.0,6.0,32.0,3.0,0.55,0.14,1.0,5.0,0.0,3.0,1,1
1.0,2.0,27.0,3.4,-1.23,-1.06,1.0,4.0,1.0,2.0,1,1
4.0,3.0,38.0,3.0,-0.38,-0.81,1.0,4.0,1.0,4.0,1,1
10.0,10.0,39.0,3.6,1.88,2.02,1.0,5.0,0.0,4.0,1,1
2.0,2.0,23.0,2.7,-0.81,-0.92,1.0,4.0,0.0,2.0,0,0
1.0,1.0,34.0,2.8,-1.83,-2.41,1.0,3.0,0.0,3.0,0,0
4.0,1.0,39.0,2.8,-0.44,-1.33,2.0,3.0,0.0,5.0,1,1
6.0,3.0,25.0,3.0,0.35,-0.79,1.0,4.0,1.0,1.0,0,1
9.0,6.0,34.0,3.4,1.17,0.28,1.0,4.0,1.0,4.0,1,1
5.0,4.0,39.0,3.7,-0.18,-0.35,1.0,5.0,1.0,5.0,1,1
3.0,5.0,29.0,3.3,-0.44,-0.25,1.0,3.0,1.0,2.0,1,1
9.0,9.0,40.0,3.4,1.25,1.19,1.0,4.0,0.0,3.0,1,1
9.0,9.0,46.0,3.0,0.95,1.2,1.0,2.0,0.0,5.0,1,1
3.0,4.0,39.0,3.6,-0.58,-0.47,1.0,5.0,0.0,6.0,1,1
7.0,6.0,33.0,3.8,0.39,0.26,1.0,4.0,1.0,4.0,1,0
8.0,8.0,40.0,3.6,0.6,0.65,1.0,4.0,0.0,5.0,1,1
9.0,8.0,37.0,3.4,0.86,0.72,1.0,2.0,1.0,2.0,1,1
4.0,2.0,41.0,3.2,-0.47,-1.16,1.0,4.0,0.0,6.0,0,1
7.0,7.0,39.0,3.3,0.56,0.34,1.0,3.0,1.0,4.0,1,1
5.0,6.0,34.0,3.4,-0.13,0.07,1.0,4.0,0.0,3.0,1,1
2.0,5.0,32.5,3.8,-0.91,-0.25,1.0,2.0,1.0,3.0,1,1
5.0,3.0,40.0,3.0,-0.03,-0.73,1.0,3.0,1.0,3.0,1,1
7.0,8.0,44.0,4.0,0.4,0.68,1.0,4.0,1.0,5.0,1,1
2.0,3.0,27.0,3.5,-0.92,-0.84,1.0,4.0,0.0,4.0,0,1
5.0,3.0,40.0,3.3,-0.12,-0.72,1.0,4.0,1.0,3.0,1,0
3.0,3.0,26.0,3.1,-0.58,-0.69,1.0,4.0,0.0,2.0,1,0
1.0,2.0,26.0,2.9,-1.31,-1.16,1.0,1.0,0.0,5.0,0,0
2.0,4.0,32.0,3.2,-0.84,-0.54,1.0,2.0,1.0,2.0,1,0
6.0,6.0,36.0,3.4,0.11,0.06,1.0,5.0,0.0,5.0,1,1
6.0,6.0,41.0,3.1,0.24,0.05,2.0,4.0,1.0,4.0,1,0
8.0,9.0,48.0,3.8,0.86,0.99,1.0,2.0,0.0,5.0,1,1
4.0,5.0,39.0,3.4,-0.18,-0.21,1.0,4.0,0.0,3.0,1,1
3.0,1.0,30.0,3.4,-0.51,-1.54,1.0,3.0,0.0,3.0,1,0
5.0,2.0,36.5,3.0,0.02,-1.16,1.0,4.0,0.0,3.0,1,1
4.0,4.0,47.0,3.1,-0.27,-0.31,1.0,4.0,0.0,4.0,1,1
7.0,8.0,45.0,3.9,0.52,0.62,1.0,4.0,0.0,6.0,1,1
4.0,5.0,36.0,3.1,-0.19,-0.08,1.0,3.0,1.0,4.0,1,1
1.0,1.0,38.0,2.7,-1.33,-2.04,1.0,4.0,1.0,3.0,1,0
10.0,9.0,31.5,3.1,1.31,1.16,2.0,3.0,0.0,3.0,1,1
5.0,5.0,40.0,3.0,-0.07,-0.06,1.0,3.0,1.0,4.0,1,1
3.0,1.0,36.0,3.3,-0.83,-1.82,1.0,3.0,0.0,6.0,1,0
1.0,1.0,22.0,2.6,-1.14,-2.11,2.0,5.0,0.0,3.0,1,0
3.0,3.0,25.5,2.5,-0.4,-0.75,1.0,4.0,1.0,1.0,1,1
10.0,9.0,36.0,2.9,1.49,1.28,1.0,4.0,0.0,5.0,1,1
7.0,7.0,29.7,2.5,0.41,0.36,1.0,4.0,0.0,3.0,0,1
6.0,6.0,35.0,3.0,0.16,0.06,1.0,4.0,0.0,4.0,1,0
4.0,7.0,40.0,3.4,-0.18,0.53,1.0,4.0,0.0,4.0,1,1
8.0,9.0,37.0,3.5,0.82,0.92,1.0,4.0,0.0,4.0,1,1
7.0,8.0,29.0,3.4,0.54,0.82,1.0,3.0,0.0,4.0,1,1
7.0,7.0,42.0,3.5,0.53,0.54,1.0,3.0,0.0,6.0,1,1
7.0,5.0,36.5,3.5,0.45,0.01,1.0,3.0,0.0,4.0,1,1
3.0,3.0,37.0,3.5,-0.58,-0.6,1.0,3.0,0.0,4.0,1,0
6.0,4.0,39.0,3.1,0.3,-0.34,1.0,5.0,1.0,3.0,1,1
4.0,3.0,34.5,3.0,-0.2,-0.63,1.0,3.0,0.0,3.0,1,1
10.0,9.0,41.0,3.6,1.36,1.22,1.0,4.0,1.0,4.0,1,1
4.0,6.0,39.0,3.8,-0.37,0.07,1.0,3.0,0.0,5.0,1,1
6.0,6.0,41.0,3.2,0.2,0.02,1.0,5.0,0.0,5.0,1,1
6.0,5.0,38.5,3.3,0.12,-0.25,1.0,2.0,1.0,4.0,1,1
3.0,6.0,48.0,4.0,-0.63,0.03,1.0,3.0,1.0,5.0,1,1
1.0,1.0,27.0,2.2,-1.81,-1.68,1.0,5.0,1.0,3.0,1,1
2.0,1.0,31.0,3.0,-1.05,-1.37,1.0,3.0,0.0,5.0,0,0
6.0,8.0,41.0,2.5,0.1,0.67,1.0,4.0,1.0,3.0,1,1
5.0,4.0,45.0,3.7,-0.19,-0.4,1.0,4.0,1.0,5.0,1,1
6.0,7.0,34.0,3.2,0.25,0.3,1.0,4.0,0.0,4.0,1,1
1.0,1.0,26.5,2.8,-1.29,-1.9,1.0,3.0,0.0,2.0,1,0
8.0,7.0,30.5,3.7,0.64,0.27,1.0,3.0,0.0,3.0,1,1
10.0,10.0,30.0,3.8,1.54,1.52,2.0,2.0,0.0,3.0,1,1
6.0,4.0,31.5,3.2,0.05,-0.55,1.0,5.0,1.0,2.0,1,1
3.0,3.0,36.0,3.4,-0.58,-0.69,1.0,4.0,1.0,3.0,1,0
2.0,1.0,36.0,3.2,-0.96,-1.25,1.0,4.0,1.0,2.0,1,1
2.0,3.0,29.0,3.6,-0.82,-0.85,1.0,3.0,1.0,4.0,1,0
10.0,9.0,40.0,3.8,1.52,1.18,1.0,2.0,1.0,4.0,1,1
10.0,9.0,38.0,2.7,1.35,1.16,1.0,4.0,1.0,3.0,1,1
10.0,9.0,44.0,3.5,1.72,1.18,1.0,4.0,1.0,5.0,1,1
5.0,3.0,33.0,3.4,-0.12,-0.7,1.0,4.0,1.0,4.0,1,1
1.0,3.0,42.0,3.3,-1.13,-0.58,1.0,4.0,0.0,3.0,1,1
5.0,6.0,42.0,3.3,-0.1,0.1,1.0,3.0,1.0,5.0,1,1
4.0,4.0,39.0,3.2,-0.39,-0.29,1.0,5.0,1.0,3.0,1,1
2.0,2.0,34.0,3.1,-0.73,-0.99,1.0,2.0,1.0,4.0,1,1
6.0,7.0,43.0,2.9,0.21,0.43,1.0,2.0,0.0,4.0,1,1
7.0,6.0,35.5,3.4,0.55,0.14,1.0,3.0,0.0,4.0,1,1
7.0,8.0,41.0,3.6,0.45,0.74,1.0,4.0,1.0,3.0,1,1
7.0,6.0,32.0,3.2,0.33,0.05,1.0,4.0,1.0,3.0,1,1
10.0,10.0,39.0,3.5,2.07,1.8,1.0,4.0,1.0,4.0,1,1
3.0,1.0,36.0,3.4,-0.6,-1.63,1.0,2.0,1.0,5.0,1,1
2.0,2.0,29.0,3.3,-0.98,-1.04,1.0,3.0,1.0,3.0,1,0
6.0,7.0,32.0,3.4,0.23,0.41,1.0,2.0,0.0,1.0,1,1
1.0,2.0,33.0,3.7,-1.86,-0.95,1.0,4.0,0.0,5.0,1,1
6.0,3.0,29.5,3.0,0.05,-0.86,1.0,3.0,1.0,3.0,1,1
9.0,8.0,34.0,3.5,1.07,0.78,1.0,3.0,0.0,3.0,1,1
6.0,3.0,37.0,3.1,0.06,-0.57,1.0,3.0,0.0,5.0,1,1
2.0,1.0,41.0,3.5,-1.1,-1.61,1.0,4.0,0.0,5.0,0,0
10.0,5.0,32.0,3.6,2.15,0.0,1.0,3.0,1.0,4.0,1,1
5.0,6.0,37.0,3.4,0.03,0.25,1.0,3.0,0.0,3.0,1,1
5.0,4.0,41.0,3.6,0.05,-0.3,1.0,3.0,1.0,5.0,1,1
3.0,2.0,38.0,3.9,-0.65,-1.26,1.0,2.0,0.0,5.0,1,0
10.0,10.0,31.0,2.6,1.95,1.57,1.0,4.0,0.0,1.0,0,1
4.0,2.0,37.0,2.8,-0.28,-1.17,1.0,4.0,1.0,3.0,1,1
5.0,5.0,39.0,3.6,0.08,-0.14,1.0,2.0,1.0,4.0,1,1
8.0,10.0,32.5,3.5,0.78,2.12,1.0,4.0,1.0,5.0,1,1
4.0,3.0,36.0,2.4,-0.37,-0.63,1.0,3.0,0.0,3.0,1,1
6.0,7.0,41.0,3.6,0.32,0.35,1.0,3.0,0.0,4.0,1,1
9.0,9.0,35.5,3.9,1.01,1.3,1.0,1.0,0.0,3.0,1,1
3.0,1.0,31.0,3.1,-0.52,-1.52,1.0,4.0,1.0,2.0,1,1
6.0,5.0,32.0,2.9,0.07,-0.08,1.0,2.0,1.0,2.0,1,1
9.0,10.0,39.0,3.5,1.4,1.35,1.0,4.0,1.0,6.0,1,1
9.0,8.0,40.0,3.7,0.97,0.57,1.0,2.0,1.0,5.0,0,1
8.0,6.0,35.0,2.9,0.72,-0.02,2.0,4.0,0.0,2.0,1,1
9.0,9.0,28.5,2.9,1.17,1.23,1.0,4.0,0.0,3.0,1,1
9.0,9.0,37.0,3.1,1.11,1.22,1.0,4.0,1.0,4.0,1,1
4.0,2.0,40.0,3.2,-0.28,-1.12,1.0,4.0,1.0,5.0,1,0
2.0,6.0,33.0,3.0,-1.02,0.0,1.0,3.0,0.0,3.0,1,0
1.0,1.0,40.0,3.2,-1.77,-1.8,1.0,4.0,0.0,6.0,0,0
5.0,5.0,38.0,3.1,-0.07,-0.13,1.0,3.0,0.0,4.0,1,1
8.0,7.0,40.0,2.9,0.65,0.51,1.0,3.0,0.0,4.0,1,1
4.0,4.0,34.0,2.5,-0.3,-0.38,1.0,2.0,1.0,2.0,1,0
3.0,2.0,36.0,3.9,-0.63,-0.99,1.0,3.0,0.0,4.0,1,0
2.0,2.0,36.0,3.5,-1.05,-1.07,1.0,4.0,1.0,2.0,1,1
5.0,6.0,38.0,3.6,0.07,0.08,2.0,3.0,0.0,6.0,1,1
7.0,2.0,48.0,2.2,0.41,-0.98,1.0,5.0,1.0,4.0,1,0
9.0,10.0,46.0,4.0,1.12,1.31,1.0,3.0,0.0,5.0,1,1
8.0,9.0,44.0,3.4,0.87,0.96,1.0,3.0,0.0,5.0,1,1
2.0,3.0,34.0,2.9,-0.74,-0.67,1.0,3.0,1.0,3.0,1,0
8.0,7.0,43.0,4.0,0.79,0.32,1.0,3.0,0.0,4.0,1,1
9.0,9.0,32.5,3.7,0.91,0.95,1.0,4.0,0.0,3.0,1,1
3.0,5.0,35.0,3.6,-0.57,-0.11,1.0,3.0,0.0,4.0,1,1
4.0,6.0,42.0,3.7,-0.24,0.11,1.0,2.0,1.0,4.0,1,1
10.0,10.0,44.0,2.9,1.59,1.42,1.0,3.0,0.0,4.0,1,1
5.0,5.0,32.5,2.9,0.05,-0.12,1.0,3.0,1.0,3.0,0,1
3.0,5.0,48.0,2.5,-0.46,-0.08,1.0,5.0,1.0,3.0,1,1
1.0,5.0,36.0,3.4,-1.41,-0.26,1.0,5.0,0.0,3.0,1,1
3.0,2.0,25.0,3.5,-0.64,-1.17,1.0,5.0,1.0,5.0,1,0
1.0,1.0,38.0,2.9,-1.78,-2.02,1.0,3.0,1.0,3.0,1,0
4.0,3.0,41.5,2.4,-0.18,-0.76,1.0,3.0,1.0,3.0,1,0
3.0,3.0,40.0,2.6,-0.68,-0.77,1.0,3.0,1.0,3.0,1,1
6.0,6.0,45.0,3.4,0.09,0.09,1.0,4.0,0.0,4.0,1,1
3.0,3.0,41.0,3.4,-0.55,-0.71,1.0,3.0,0.0,4.0,1,1
2.0,2.0,36.0,3.4,-0.84,-1.16,2.0,2.0,0.0,3.0,1,1
2.0,2.0,30.0,2.5,-0.88,-0.96,1.0,3.0,1.0,3.0,0,0
5.0,8.0,40.0,4.0,-0.11,0.88,1.0,3.0,0.0,4.0,1,1
8.0,9.0,36.0,3.5,0.84,0.98,1.0,4.0,1.0,4.0,1,1
10.0,10.0,44.0,3.0,1.96,1.93,1.0,3.0,1.0,3.0,1,1
6.0,7.0,33.0,3.7,0.28,0.33,1.0,3.0,0.0,3.0,1,1
9.0,9.0,35.0,3.1,0.9,1.21,2.0,4.0,0.0,3.0,1,1
2.0,1.0,30.7,2.6,-0.78,-1.38,2.0,4.0,1.0,3.0,1,0
10.0,10.0,37.0,2.7,2.22,2.22,1.0,3.0,1.0,3.0,1,1
5.0,6.0,37.5,3.1,-0.01,0.15,1.0,3.0,1.0,4.0,1,1
7.0,9.0,37.0,3.4,0.47,1.06,1.0,4.0,0.0,3.0,1,1
10.0,10.0,39.0,3.9,1.51,1.42,1.0,2.0,1.0,4.0,1,1
2.0,2.0,40.0,2.5,-0.94,-1.04,1.0,3.0,0.0,2.0,0,0
2.0,1.0,44.0,3.2,-1.08,-1.33,1.0,5.0,1.0,6.0,1,1
4.0,4.0,36.0,3.4,-0.26,-0.42,1.0,2.0,1.0,3.0,1,1
8.0,6.0,38.0,3.0,0.7,0.05,1.0,4.0,1.0,3.0,1,1
4.0,6.0,38.0,3.4,-0.37,0.07,1.0,4.0,0.0,5.0,1,1
5.0,6.0,36.0,3.5,-0.1,0.06,1.0,4.0,1.0,3.0,1,1
8.0,6.0,43.0,2.7,0.65,0.18,1.0,3.0,1.0,5.0,1,1
2.0,3.0,34.0,3.8,-0.79,-0.87,1.0,3.0,0.0,4.0,1,1
2.0,2.0,36.0,3.0,-0.8,-0.95,1.0,4.0,1.0,3.0,1,1
2.0,1.0,27.0,3.6,-0.98,-1.32,1.0,4.0,1.0,5.0,1,1
5.0,5.0,40.0,3.4,-0.05,-0.08,1.0,3.0,0.0,4.0,1,1
2.0,4.0,38.0,3.1,-0.76,-0.4,1.0,3.0,0.0,4.0,1,1
6.0,7.0,39.0,3.6,0.2,0.45,1.0,3.0,0.0,3.0,1,1
2.0,2.0,31.0,3.1,-0.91,-1.25,1.0,2.0,1.0,3.0,1,1
1.0,1.0,15.5,2.9,-1.3,-1.62,1.0,3.0,0.0,3.0,0,0
2.0,2.0,28.0,3.0,-0.76,-1.03,1.0,3.0,0.0,2.0,1,1
2.0,1.0,34.5,3.6,-0.91,-1.64,1.0,3.0,1.0,5.0,1,1
1.0,1.0,41.0,2.3,-1.88,-1.5,1.0,5.0,1.0,4.0,1,1
1.0,1.0,39.0,2.4,-1.13,-1.69,1.0,2.0,1.0,3.0,1,0
8.0,7.0,47.0,3.3,0.79,0.39,1.0,4.0,1.0,3.0,1,1
9.0,6.0,31.0,3.7,1.18,0.1,1.0,3.0,0.0,3.0,1,1
2.0,1.0,35.0,2.9,-0.92,-1.39,1.0,4.0,0.0,3.0,1,0
5.0,3.0,27.5,2.4,-0.16,-0.81,1.0,4.0,0.0,2.0,1,0
10.0,10.0,30.0,3.2,2.01,1.74,1.0,4.0,0.0,2.0,1,1
7.0,7.0,40.0,2.4,0.41,0.53,1.0,4.0,0.0,3.0,1,1
4.0,4.0,27.0,3.6,-0.27,-0.33,1.0,3.0,1.0,2.0,1,1
3.0,4.0,41.5,3.2,-0.58,-0.28,1.0,4.0,1.0,3.0,1,1
10.0,10.0,44.0,3.5,2.65,1.73,1.0,4.0,1.0,5.0,1,1
7.0,7.0,41.0,3.0,0.49,0.38,1.0,4.0,0.0,5.0,1,1
5.0,5.0,40.0,3.2,-0.02,-0.26,1.0,4.0,1.0,3.0,1,1
10.0,10.0,36.0,2.7,2.01,2.27,2.0,3.0,0.0,3.0,1,1
3.0,1.0,33.0,2.9,-0.5,-1.38,1.0,4.0,1.0,3.0,1,0
7.0,9.0,42.0,3.9,0.54,1.08,1.0,4.0,1.0,5.0,1,1
6.0,8.0,32.0,3.4,0.31,0.63,1.0,4.0,1.0,4.0,1,1
4.0,6.0,39.0,3.3,-0.2,0.17,1.0,4.0,1.0,3.0,1,0
1.0,2.0,35.0,2.9,-1.62,-1.23,2.0,4.0,0.0,2.0,1,1
7.0,6.0,43.0,3.4,0.44,0.15,1.0,5.0,0.0,4.0,1,1
3.0,3.0,37.0,2.9,-0.61,-0.64,1.0,4.0,0.0,5.0,1,1
6.0,3.0,39.0,2.9,0.13,-0.76,1.0,3.0,1.0,3.0,1,1
10.0,10.0,38.0,2.5,1.7,1.43,1.0,4.0,1.0,3.0,1,1
4.0,3.0,36.0,3.2,-0.42,-0.57,1.0,4.0,1.0,3.0,1,0
6.0,8.0,47.0,3.2,0.3,0.84,1.0,3.0,0.0,4.0,1,1
1.0,1.0,36.0,2.8,-1.44,-1.66,1.0,4.0,1.0,2.0,1,1
8.0,6.0,29.5,3.0,0.59,-0.01,1.0,2.0,0.0,2.0,0,1
7.0,7.0,40.0,2.5,0.48,0.29,1.0,3.0,1.0,3.0,1,1
4.0,5.0,32.0,3.8,-0.4,-0.11,1.0,3.0,0.0,3.0,1,1
8.0,7.0,37.0,3.1,0.63,0.55,1.0,4.0,1.0,4.0,1,1
5.0,5.0,38.0,2.9,0.03,-0.05,1.0,4.0,0.0,6.0,1,1
3.0,4.0,45.0,4.0,-0.49,-0.48,1.0,3.0,0.0,6.0,1,1
9.0,8.0,37.0,2.5,1.1,0.57,1.0,3.0,1.0,3.0,1,1
7.0,6.0,43.0,3.9,0.57,0.23,1.0,4.0,1.0,6.0,1,1
4.0,1.0,32.0,3.0,-0.41,-1.7,1.0,3.0,0.0,3.0,1,0
4.0,6.0,40.0,3.5,-0.28,0.14,1.0,3.0,1.0,5.0,1,1
9.0,7.0,40.0,3.1,1.08,0.26,1.0,3.0,1.0,3.0,1,1
10.0,10.0,39.0,4.0,2.07,2.13,1.0,3.0,0.0,3.0,1,1
8.0,8.0,44.0,3.4,0.85,0.73,1.0,4.0,1.0,4.0,1,1
3.0,2.0,44.0,2.7,-0.45,-0.98,1.0,5.0,1.0,4.0,1,0
7.0,7.0,31.0,3.0,0.4,0.35,1.0,3.0,1.0,3.0,1,0
4.0,7.0,37.0,3.3,-0.29,0.35,1.0,3.0,1.0,4.0,1,1
5.0,4.0,41.0,3.8,-0.11,-0.46,1.0,3.0,0.0,4.0,1,1
10.0,10.0,39.0,3.6,2.07,1.41,1.0,3.0,0.0,4.0,1,1
7.0,8.0,32.0,3.1,0.53,0.74,1.0,4.0,1.0,2.0,1,0
5.0,6.0,31.0,3.7,-0.16,0.13,2.0,3.0,0.0,3.0,1,1
3.0,5.0,41.0,3.5,-0.6,-0.07,1.0,5.0,1.0,3.0,1,1
9.0,8.0,36.0,3.1,1.09,0.83,1.0,4.0,1.0,4.0,1,1
7.0,5.0,32.0,3.4,0.53,-0.13,2.0,4.0,0.0,2.0,1,0
8.0,10.0,37.5,3.4,0.69,1.39,2.0,4.0,1.0,4.0,1,1
1.0,1.0,22.0,2.8,-2.06,-1.75,2.0,2.0,1.0,3.0,0,0
7.0,9.0,35.0,3.3,0.57,1.05,1.0,4.0,0.0,4.0,1,1
4.0,1.0,26.0,2.8,-0.4,-1.42,1.0,2.0,0.0,3.0,0,0
3.0,2.0,44.0,3.1,-0.61,-1.17,2.0,3.0,1.0,4.0,1,1
9.0,8.0,39.0,3.5,0.98,0.84,1.0,4.0,0.0,3.0,1,1
5.0,3.0,38.5,3.0,-0.08,-0.64,1.0,4.0,1.0,3.0,1,1
10.0,10.0,38.0,3.3,1.52,1.54,2.0,3.0,1.0,5.0,1,1
4.0,1.0,30.0,3.8,-0.22,-1.47,2.0,2.0,0.0,3.0,1,0
10.0,9.0,42.0,3.7,1.82,1.22,1.0,2.0,0.0,2.0,1,1
2.0,3.0,37.0,2.7,-0.87,-0.89,1.0,3.0,1.0,2.0,1,1
10.0,10.0,37.0,3.8,2.26,2.13,1.0,5.0,0.0,3.0,1,1
8.0,8.0,36.0,3.2,0.68,0.76,1.0,3.0,1.0,3.0,1,1
8.0,7.0,40.0,3.6,0.57,0.48,1.0,3.0,1.0,3.0,1,1
3.0,5.0,35.0,3.5,-0.6,-0.14,1.0,4.0,1.0,5.0,1,1
4.0,2.0,35.0,3.6,-0.42,-0.88,1.0,3.0,1.0,4.0,1,1
1.0,2.0,26.5,2.9,-1.07,-1.01,1.0,5.0,0.0,2.0,1,1
5.0,4.0,25.0,2.6,0.04,-0.39,1.0,5.0,0.0,4.0,0,0
4.0,7.0,40.0,3.2,-0.2,0.32,1.0,4.0,1.0,4.0,1,1
7.0,6.0,32.0,2.9,0.42,0.21,1.0,4.0,0.0,5.0,1,1
9.0,7.0,16.0,3.3,1.0,0.38,1.0,1.0,0.0,1.0,0,1
9.0,10.0,42.0,3.5,1.44,1.29,1.0,4.0,0.0,6.0,1,1
7.0,9.0,37.0,4.0,0.39,1.07,1.0,4.0,1.0,4.0,1,1
4.0,5.0,40.0,3.5,-0.3,-0.03,1.0,3.0,0.0,4.0,1,1
7.0,7.0,38.5,3.2,0.53,0.37,1.0,4.0,0.0,3.0,1,1
6.0,6.0,39.0,2.9,0.29,0.15,1.0,4.0,1.0,6.0,1,1
10.0,10.0,37.0,3.1,2.44,2.33,1.0,3.0,1.0,3.0,1,1
7.0,6.0,37.0,3.2,0.32,0.19,1.0,5.0,1.0,3.0,1,1
1.0,1.0,29.5,3.1,-1.28,-1.35,1.0,4.0,0.0,3.0,1,1
6.0,6.0,29.0,3.5,0.2,0.04,1.0,3.0,1.0,3.0,1,1
10.0,10.0,45.0,2.3,2.76,2.92,1.0,5.0,1.0,2.0,1,1
5.0,4.0,43.0,3.4,-0.02,-0.32,1.0,5.0,0.0,6.0,0,1
1.0,2.0,32.0,3.5,-1.44,-0.93,1.0,3.0,0.0,4.0,1,0
7.0,7.0,32.0,3.6,0.5,0.33,1.0,3.0,1.0,3.0,1,1
3.0,3.0,27.0,3.0,-0.44,-0.73,2.0,5.0,0.0,3.0,1,1
8.0,10.0,32.0,3.4,0.84,1.74,1.0,4.0,0.0,3.0,1,1
9.0,8.0,30.0,3.2,0.96,0.68,1.0,4.0,1.0,2.0,1,1
9.0,8.0,40.0,3.4,0.91,0.65,2.0,4.0,0.0,5.0,1,1
6.0,7.0,29.0,3.5,0.12,0.44,1.0,3.0,1.0,4.0,1,1
3.0,4.0,38.0,3.9,-0.43,-0.44,1.0,2.0,0.0,3.0,1,1
1.0,1.0,30.5,3.4,-1.27,-1.73,1.0,3.0,1.0,3.0,1,1
9.0,9.0,35.0,3.2,1.02,1.24,1.0,4.0,0.0,5.0,1,1
10.0,9.0,43.0,3.3,1.82,1.22,1.0,4.0,0.0,5.0,1,1
1.0,1.0,26.5,2.5,-1.65,-1.56,1.0,4.0,1.0,3.0,1,0
6.0,9.0,34.0,3.0,0.23,1.17,2.0,3.0,1.0,5.0,1,1
8.0,9.0,31.5,3.1,0.8,1.14,1.0,4.0,1.0,3.0,1,1
9.0,9.0,39.0,2.6,0.9,0.9,1.0,4.0,1.0,3.0,1,1
1.0,1.0,36.0,3.6,-1.62,-2.13,1.0,3.0,1.0,4.0,1,0
9.0,7.0,32.0,3.4,1.16,0.54,1.0,3.0,1.0,3.0,1,1
6.0,5.0,34.5,3.3,0.2,-0.06,1.0,3.0,1.0,3.0,1,1
1.0,1.0,39.0,3.0,-1.7,-2.01,1.0,3.0,0.0,3.0,1,1
7.0,7.0,41.0,2.4,0.32,0.34,1.0,4.0,1.0,3.0,1,1
4.0,5.0,35.0,2.9,-0.24,-0.11,1.0,3.0,1.0,3.0,1,1
10.0,10.0,40.0,3.9,2.21,2.38,1.0,4.0,0.0,6.0,1,1
2.0,1.0,26.0,2.3,-1.0,-1.58,1.0,3.0,0.0,2.0,0,0
10.0,10.0,39.0,3.4,1.46,1.49,1.0,3.0,1.0,4.0,1,1
10.0,10.0,30.0,3.7,1.66,1.52,1.0,3.0,0.0,4.0,1,1
3.0,4.0,34.0,3.6,-0.53,-0.32,1.0,3.0,0.0,4.0,1,1
10.0,10.0,42.0,3.7,1.83,2.28,1.0,4.0,0.0,5.0,1,1
8.0,7.0,45.0,3.4,0.62,0.36,1.0,4.0,1.0,4.0,1,1
2.0,2.0,24.0,2.8,-1.1,-0.98,1.0,1.0,0.0,3.0,0,0
5.0,6.0,32.0,3.0,-0.01,-0.01,1.0,3.0,1.0,2.0,1,0
7.0,7.0,37.7,3.5,0.46,0.51,1.0,3.0,0.0,4.0,1,1
2.0,2.0,33.0,3.2,-0.82,-1.13,1.0,3.0,1.0,3.0,0,0
8.0,8.0,35.0,2.7,0.7,0.84,1.0,3.0,1.0,2.0,1,1
2.0,2.0,41.0,3.4,-0.85,-0.95,1.0,3.0,0.0,6.0,1,1
7.0,4.0,30.0,3.5,0.34,-0.53,1.0,3.0,0.0,4.0,1,1
9.0,8.0,33.0,2.7,1.04,0.65,1.0,3.0,1.0,3.0,1,1
5.0,5.0,39.0,2.9,0.05,-0.17,1.0,4.0,1.0,5.0,1,1
7.0,6.0,34.0,2.7,0.39,0.23,1.0,3.0,0.0,3.0,1,1
5.0,5.0,42.0,3.3,-0.11,-0.22,1.0,3.0,0.0,4.0,0,1
7.0,7.0,39.0,3.1,0.48,0.4,1.0,3.0,1.0,3.0,1,1
3.0,4.0,36.0,4.0,-0.47,-0.38,1.0,2.0,0.0,3.0,0,1
3.0,4.0,40.0,3.7,-0.43,-0.35,1.0,4.0,1.0,3.0,1,1
4.0,4.0,35.5,3.4,-0.19,-0.44,1.0,4.0,0.0,3.0,1,0
8.0,8.0,39.0,3.5,0.76,0.68,1.0,2.0,1.0,3.0,1,1
5.0,8.0,37.0,3.5,-0.16,0.58,1.0,3.0,1.0,3.0,1,1
9.0,7.0,43.0,3.3,1.28,0.39,1.0,5.0,1.0,5.0,1,1
5.0,4.0,32.0,3.3,0.02,-0.34,1.0,4.0,1.0,3.0,1,1
6.0,3.0,34.0,2.6,0.27,-0.84,2.0,2.0,1.0,2.0,1,1
1.0,2.0,42.0,3.9,-1.52,-0.9,1.0,5.0,0.0,5.0,1,1
8.0,7.0,37.0,3.6,0.59,0.47,1.0,3.0,1.0,5.0,1,1
10.0,10.0,37.0,3.1,2.14,2.02,1.0,4.0,1.0,5.0,1,1
10.0,10.0,36.0,3.2,2.0,2.31,1.0,4.0,0.0,3.0,1,1
3.0,4.0,38.0,2.9,-0.51,-0.43,1.0,4.0,0.0,3.0,1,1
3.0,4.0,42.0,2.5,-0.59,-0.44,1.0,2.0,1.0,5.0,0,1
2.0,3.0,29.5,2.9,-0.84,-0.86,1.0,2.0,0.0,3.0,1,1
1.0,2.0,19.0,3.0,-1.82,-1.09,1.0,4.0,1.0,2.0,1,0
3.0,3.0,30.0,3.5,-0.64,-0.84,1.0,4.0,1.0,3.0,1,1
4.0,3.0,32.0,3.2,-0.26,-0.55,1.0,3.0,1.0,4.0,1,1
9.0,8.0,40.0,3.3,0.98,0.79,1.0,4.0,0.0,4.0,1,1
7.0,6.0,36.0,3.1,0.51,0.01,1.0,4.0,1.0,3.0,1,1
8.0,9.0,42.0,3.7,0.77,1.27,1.0,3.0,0.0,3.0,1,1
10.0,10.0,43.0,2.7,1.5,2.32,1.0,3.0,0.0,3.0,1,1
7.0,7.0,37.0,3.2,0.46,0.55,1.0,3.0,0.0,4.0,1,1
10.0,10.0,34.0,3.6,2.18,2.44,2.0,4.0,1.0,5.0,1,1
7.0,5.0,42.0,2.6,0.42,-0.13,2.0,4.0,1.0,1.0,1,1
8.0,5.0,41.0,3.7,0.75,-0.2,1.0,4.0,1.0,5.0,1,1
2.0,4.0,38.0,2.8,-0.82,-0.32,1.0,3.0,0.0,3.0,1,1
3.0,5.0,28.0,2.5,-0.52,-0.22,1.0,4.0,1.0,2.0,1,1
3.0,2.0,26.5,3.4,-0.52,-1.25,1.0,3.0,0.0,3.0,1,0
9.0,9.0,33.0,3.3,0.92,1.01,2.0,3.0,1.0,3.0,1,1
9.0,9.0,42.0,4.0,0.99,1.18,1.0,4.0,1.0,4.0,1,1
9.0,8.0,34.0,3.6,1.02,0.6,1.0,3.0,0.0,4.0,1,1
4.0,4.0,36.0,3.1,-0.24,-0.28,1.0,4.0,0.0,4.0,1,1
6.0,5.0,34.0,3.3,0.08,-0.07,1.0,4.0,0.0,3.0,1,1
2.0,1.0,25.5,3.4,-0.76,-1.63,1.0,1.0,0.0,4.0,0,1
1.0,1.0,41.0,3.7,-1.84,-1.77,1.0,4.0,1.0,6.0,1,0
5.0,5.0,41.0,3.2,-0.18,-0.18,1.0,4.0,0.0,5.0,1,1
10.0,10.0,37.0,3.9,1.45,1.58,1.0,4.0,1.0,4.0,1,1
2.0,2.0,27.7,2.0,-0.81,-0.97,1.0,4.0,1.0,3.0,1,1
5.0,7.0,37.0,3.5,-0.11,0.55,1.0,4.0,0.0,4.0,1,1
6.0,5.0,41.0,3.0,0.27,-0.1,1.0,4.0,0.0,5.0,1,1
5.0,9.0,35.0,3.0,0.05,1.15,1.0,4.0,0.0,1.0,1,0
2.0,2.0,33.0,2.8,-0.72,-0.96,1.0,4.0,1.0,3.0,1,1
9.0,9.0,39.0,3.5,1.12,1.15,1.0,4.0,1.0,3.0,1,1
5.0,3.0,35.0,3.4,-0.17,-0.77,1.0,4.0,1.0,3.0,1,1
2.0,1.0,36.0,3.0,-0.94,-1.32,1.0,3.0,1.0,3.0,1,0
3.0,3.0,46.0,3.5,-0.52,-0.7,1.0,3.0,0.0,6.0,1,1
8.0,9.0,42.0,3.8,0.77,0.88,1.0,4.0,1.0,4.0,1,1
7.0,6.0,32.0,3.3,0.36,0.1,1.0,3.0,1.0,3.0,1,1
5.0,6.0,48.0,3.7,-0.14,0.04,1.0,3.0,1.0,6.0,1,1
6.0,7.0,42.0,4.0,0.14,0.41,1.0,4.0,1.0,5.0,1,1
2.0,5.0,22.0,2.4,-0.9,-0.28,1.0,3.0,1.0,1.0,1,0
9.0,10.0,42.0,3.0,1.02,1.39,1.0,4.0,1.0,3.0,1,1
8.0,8.0,34.5,3.3,0.64,0.59,1.0,3.0,1.0,3.0,1,1
3.0,3.0,29.5,3.5,-0.6,-0.74,1.0,3.0,1.0,3.0,1,1
5.0,8.0,36.0,2.9,-0.19,0.8,1.0,4.0,1.0,5.0,1,1
5.0,5.0,35.0,3.5,0.05,-0.1,1.0,3.0,0.0,3.0,1,1
1.0,1.0,40.0,2.5,-1.39,-1.9,1.0,4.0,1.0,3.0,1,0
3.0,3.0,36.5,2.6,-0.58,-0.81,1.0,4.0,1.0,3.0,1,0
4.0,4.0,42.0,3.6,-0.19,-0.49,1.0,4.0,1.0,4.0,1,1
9.0,9.0,44.0,2.9,1.21,0.96,1.0,5.0,1.0,3.0,1,1
5.0,2.0,39.0,2.7,-0.14,-0.9,1.0,4.0,1.0,3.0,1,1
4.0,3.0,32.5,3.6,-0.21,-0.63,1.0,4.0,1.0,3.0,1,1
1.0,1.0,30.0,3.1,-1.79,-1.48,1.0,4.0,1.0,3.0,1,1
6.0,2.0,34.0,2.9,0.05,-1.07,1.0,3.0,1.0,2.0,1,0
7.0,4.0,34.0,3.6,0.45,-0.5,2.0,4.0,1.0,4.0,1,1
10.0,10.0,42.0,3.1,1.42,1.64,1.0,4.0,1.0,4.0,1,1
6.0,5.0,35.5,3.3,0.21,-0.14,1.0,4.0,0.0,3.0,1,1
5.0,5.0,41.0,3.1,-0.14,-0.05,1.0,3.0,1.0,3.0,1,1
10.0,10.0,43.0,3.7,1.56,1.88,1.0,3.0,0.0,4.0,1,1
10.0,10.0,42.0,3.4,1.37,1.45,1.0,3.0,1.0,5.0,1,1
4.0,1.0,36.5,2.4,-0.33,-1.38,1.0,3.0,1.0,3.0,1,1
2.0,2.0,25.0,2.9,-0.9,-1.19,1.0,3.0,1.0,3.0,1,1
8.0,8.0,42.0,3.6,0.93,0.72,1.0,3.0,1.0,6.0,1,1
6.0,5.0,34.0,3.0,0.07,-0.08,1.0,2.0,1.0,3.0,1,1
1.0,1.0,37.0,2.5,-1.45,-1.85,1.0,1.0,1.0,5.0,0,0
6.0,7.0,38.0,2.5,0.3,0.51,2.0,3.0,1.0,3.0,1,1
7.0,7.0,39.5,3.2,0.36,0.4,1.0,3.0,1.0,5.0,1,1
7.0,6.0,37.0,2.8,0.36,0.23,1.0,5.0,1.0,3.0,1,1
5.0,6.0,37.0,2.7,0.05,0.09,1.0,3.0,0.0,3.0,1,1
6.0,7.0,38.0,3.6,0.25,0.36,1.0,5.0,1.0,4.0,1,1
6.0,6.0,34.0,3.5,0.07,0.05,1.0,4.0,0.0,3.0,1,0
2.0,4.0,35.0,3.3,-0.93,-0.4,1.0,4.0,0.0,3.0,1,1
2.0,3.0,35.0,3.5,-0.85,-0.77,1.0,3.0,0.0,3.0,1,1
10.0,10.0,44.0,2.1,2.11,1.93,1.0,5.0,1.0,3.0,1,1
2.0,1.0,34.5,2.4,-0.99,-1.63,1.0,4.0,1.0,2.0,1,1
3.0,6.0,28.5,3.7,-0.48,-0.02,1.0,4.0,0.0,2.0,1,1
1.0,2.0,33.0,3.1,-1.26,-1.06,1.0,2.0,0.0,3.0,1,0
10.0,10.0,40.0,3.3,1.7,2.21,1.0,4.0,1.0,3.0,1,1
4.0,5.0,30.0,3.1,-0.39,-0.09,1.0,3.0,1.0,2.0,1,1
2.0,4.0,36.0,3.3,-0.81,-0.29,1.0,5.0,0.0,4.0,1,1
9.0,10.0,41.0,3.5,1.19,1.39,1.0,5.0,0.0,5.0,1,1
4.0,6.0,40.0,3.6,-0.28,0.17,1.0,4.0,1.0,5.0,1,1
1.0,2.0,35.0,3.6,-1.79,-1.12,1.0,3.0,1.0,3.0,1,0
3.0,2.0,33.0,3.4,-0.68,-1.31,1.0,5.0,1.0,3.0,1,0
9.0,8.0,28.0,3.3,1.16,0.54,1.0,2.0,1.0,1.0,1,0
7.0,7.0,41.0,3.6,0.48,0.47,2.0,3.0,1.0,4.0,1,1
3.0,3.0,32.0,3.6,-0.68,-0.71,1.0,3.0,0.0,4.0,1,1
4.0,4.0,47.0,3.6,-0.33,-0.49,1.0,4.0,0.0,5.0,1,1
2.0,5.0,43.0,3.3,-0.9,-0.22,1.0,4.0,0.0,6.0,1,1
3.0,3.0,37.0,3.6,-0.68,-0.78,1.0,4.0,0.0,4.0,1,1
5.0,4.0,30.0,3.6,-0.16,-0.41,1.0,3.0,0.0,3.0,1,1
4.0,5.0,32.0,3.3,-0.37,-0.15,1.0,4.0,0.0,3.0,1,0
2.0,2.0,45.0,2.6,-1.05,-1.28,1.0,4.0,1.0,3.0,1,0
6.0,4.0,38.0,3.3,0.22,-0.24,1.0,4.0,1.0,6.0,1,1
2.0,1.0,35.0,2.4,-0.95,-2.03,1.0,3.0,1.0,3.0,1,1
7.0,7.0,31.0,3.6,0.51,0.51,1.0,3.0,0.0,3.0,1,0
4.0,2.0,44.0,3.2,-0.36,-0.93,1.0,2.0,1.0,4.0,1,0
8.0,2.0,36.0,2.9,0.66,-0.99,1.0,3.0,1.0,3.0,0,1
9.0,7.0,31.0,2.9,1.1,0.43,1.0,4.0,1.0,4.0,1,1
10.0,10.0,42.0,3.8,1.73,1.43,1.0,4.0,1.0,5.0,1,1
4.0,3.0,36.0,3.2,-0.38,-0.88,1.0,2.0,1.0,4.0,1,1
3.0,5.0,30.0,3.1,-0.44,-0.09,1.0,3.0,1.0,2.0,1,1
1.0,1.0,42.0,3.0,-2.16,-1.88,1.0,3.0,1.0,4.0,0,0
2.0,3.0,34.0,3.1,-0.99,-0.86,1.0,3.0,0.0,3.0,1,1
10.0,10.0,40.0,3.5,2.34,2.05,1.0,2.0,0.0,4.0,1,1
1.0,1.0,29.0,3.3,-1.59,-1.42,1.0,2.0,1.0,4.0,0,1
2.0,3.0,31.0,3.0,-0.85,-0.7,1.0,3.0,0.0,3.0,1,1
3.0,2.0,32.0,3.2,-0.49,-1.11,1.0,4.0,0.0,3.0,1,0
8.0,6.0,41.0,3.2,0.74,0.21,1.0,4.0,1.0,4.0,1,1
9.0,9.0,39.0,3.2,1.2,1.02,1.0,2.0,1.0,4.0,1,1
6.0,6.0,33.5,3.8,0.28,-0.02,1.0,3.0,0.0,2.0,1,0
7.0,4.0,30.0,3.1,0.44,-0.35,1.0,4.0,1.0,3.0,1,1
4.0,2.0,38.0,3.7,-0.28,-0.92,1.0,3.0,1.0,4.0,1,1
10.0,10.0,29.5,3.2,1.97,1.48,2.0,4.0,1.0,5.0,1,1
10.0,6.0,33.5,3.0,1.33,0.18,1.0,4.0,1.0,3.0,1,1
8.0,8.0,37.0,3.1,0.6,0.66,2.0,5.0,1.0,3.0,1,1
1.0,1.0,15.0,2.9,-1.52,-1.69,1.0,2.0,0.0,5.0,0,1
4.0,5.0,42.0,3.5,-0.24,-0.1,1.0,4.0,0.0,5.0,1,1
2.0,1.0,33.5,2.1,-0.9,-1.81,1.0,4.0,1.0,2.0,1,0
4.0,6.0,40.0,3.6,-0.33,0.03,1.0,4.0,0.0,4.0,1,1
4.0,4.0,40.0,3.3,-0.37,-0.52,1.0,4.0,1.0,4.0,1,1
1.0,1.0,28.0,3.1,-1.82,-2.27,2.0,3.0,1.0,4.0,1,0
1.0,1.0,40.0,3.1,-1.58,-2.05,1.0,4.0,1.0,3.0,1,1
1.0,1.0,30.0,2.6,-1.74,-1.47,1.0,4.0,0.0,2.0,0,0
1.0,1.0,41.0,3.4,-2.4,-2.15,1.0,4.0,1.0,5.0,1,1
8.0,8.0,38.0,3.6,0.71,0.87,1.0,3.0,0.0,3.0,1,1
2.0,4.0,22.0,2.5,-0.6,-0.55,1.0,3.0,0.0,1.0,0,0
6.0,6.0,42.0,3.6,0.06,0.1,1.0,4.0,0.0,5.0,1,1
3.0,3.0,35.0,3.4,-0.58,-0.88,1.0,4.0,0.0,4.0,1,0
2.0,1.0,33.0,3.2,-0.73,-1.51,1.0,4.0,1.0,4.0,1,0
6.0,5.0,45.0,3.8,0.12,-0.12,1.0,3.0,1.0,6.0,1,1
1.0,3.0,45.0,3.6,-1.23,-0.76,1.0,5.0,1.0,5.0,1,1
3.0,6.0,35.5,3.1,-0.48,0.11,2.0,3.0,0.0,5.0,1,1
5.0,8.0,44.0,2.5,0.03,0.69,1.0,3.0,1.0,3.0,1,1
9.0,10.0,41.0,3.9,1.0,1.69,1.0,2.0,1.0,4.0,1,1
2.0,4.0,33.0,3.5,-0.76,-0.3,1.0,3.0,1.0,3.0,1,0
1.0,2.0,41.0,3.6,-1.45,-1.06,1.0,4.0,1.0,4.0,1,1
7.0,7.0,42.0,3.4,0.48,0.55,1.0,5.0,0.0,4.0,1,1
9.0,8.0,42.0,3.0,1.08,0.81,1.0,2.0,0.0,5.0,1,1
2.0,5.0,31.0,3.2,-0.9,-0.27,1.0,4.0,0.0,2.0,1,0
7.0,6.0,30.5,3.3,0.49,0.22,2.0,3.0,0.0,3.0,1,1
10.0,8.0,42.0,3.4,1.45,0.67,1.0,4.0,1.0,5.0,1,1
4.0,2.0,28.0,3.4,-0.3,-1.11,1.0,3.0,0.0,3.0,1,1
9.0,9.0,41.0,3.8,1.13,1.05,1.0,4.0,0.0,4.0,1,1
10.0,10.0,32.0,3.0,1.3,2.09,1.0,5.0,1.0,2.0,1,1
7.0,6.0,34.0,3.5,0.5,0.19,2.0,4.0,0.0,3.0,1,1
6.0,7.0,35.0,3.5,0.28,0.49,1.0,3.0,0.0,2.0,1,0
9.0,5.0,42.0,2.8,1.26,-0.09,2.0,4.0,1.0,5.0,1,0
9.0,10.0,43.0,3.4,1.37,1.55,1.0,4.0,1.0,6.0,1,1
4.0,5.0,38.0,2.9,-0.38,-0.05,1.0,3.0,0.0,3.0,1,1
2.0,4.0,32.0,3.1,-0.76,-0.41,1.0,4.0,1.0,3.0,1,1
4.0,2.0,32.0,2.4,-0.41,-1.12,1.0,2.0,0.0,3.0,1,0
10.0,10.0,41.0,3.3,2.39,2.01,1.0,4.0,0.0,2.0,1,1
9.0,8.0,41.0,3.9,1.05,0.64,1.0,4.0,0.0,4.0,1,1
3.0,3.0,47.0,3.7,-0.47,-0.79,1.0,4.0,0.0,5.0,0,1
8.0,8.0,37.0,3.1,0.7,0.63,1.0,4.0,1.0,3.0,1,1
7.0,8.0,40.0,3.0,0.35,0.75,1.0,4.0,1.0,4.0,1,1
2.0,3.0,37.0,2.7,-0.85,-0.63,1.0,4.0,1.0,3.0,1,1
5.0,6.0,35.0,3.0,-0.03,0.1,1.0,5.0,1.0,4.0,1,1
6.0,6.0,36.0,3.0,0.26,0.21,1.0,2.0,0.0,3.0,1,1
3.0,3.0,34.5,2.9,-0.5,-0.85,1.0,2.0,0.0,3.0,1,0
4.0,2.0,32.5,3.1,-0.19,-1.19,1.0,4.0,1.0,4.0,1,1
6.0,6.0,42.0,3.3,0.07,0.22,1.0,4.0,1.0,5.0,1,1
6.0,8.0,39.0,2.9,0.17,0.57,1.0,4.0,0.0,3.0,1,1
7.0,5.0,37.0,2.6,0.57,-0.16,2.0,3.0,1.0,4.0,1,1
8.0,7.0,36.0,3.6,0.66,0.29,2.0,3.0,1.0,5.0,1,1
8.0,9.0,35.0,3.4,0.77,1.22,1.0,4.0,0.0,4.0,1,1
7.0,5.0,40.5,2.6,0.49,-0.2,2.0,4.0,1.0,4.0,1,1
10.0,10.0,31.0,3.4,1.64,1.58,2.0,3.0,1.0,2.0,1,1
10.0,10.0,47.0,3.9,1.36,1.36,1.0,3.0,1.0,4.0,1,1
9.0,9.0,34.0,3.4,1.05,1.17,1.0,4.0,0.0,5.0,1,1
7.0,8.0,38.0,3.4,0.41,0.6,1.0,2.0,1.0,4.0,0,1
10.0,9.0,36.0,3.6,1.47,1.19,1.0,4.0,0.0,6.0,1,1
9.0,9.0,48.0,3.5,1.05,0.98,1.0,4.0,1.0,6.0,1,1
4.0,4.0,41.0,2.8,-0.39,-0.46,1.0,3.0,1.0,3.0,1,1
10.0,10.0,40.5,3.3,1.95,1.8,1.0,4.0,1.0,4.0,1,1
6.0,9.0,31.0,3.9,0.22,0.9,1.0,2.0,1.0,4.0,1,1
7.0,7.0,31.0,3.2,0.31,0.47,1.0,4.0,1.0,3.0,1,1
3.0,2.0,40.0,3.2,-0.56,-1.03,1.0,3.0,1.0,3.0,1,1
7.0,6.0,38.0,3.3,0.49,0.06,1.0,3.0,1.0,3.0,1,1
6.0,6.0,40.0,3.4,0.18,0.07,1.0,4.0,0.0,4.0,1,0
6.0,5.0,41.0,3.7,0.12,-0.01,1.0,4.0,1.0,4.0,1,1
4.0,5.0,40.0,3.5,-0.27,-0.26,1.0,3.0,0.0,4.0,1,1
7.0,6.0,38.0,3.7,0.55,0.11,1.0,4.0,1.0,5.0,1,1
10.0,7.0,42.0,2.8,1.67,0.3,1.0,4.0,0.0,5.0,1,1
7.0,7.0,40.0,3.6,0.55,0.4,1.0,4.0,1.0,3.0,1,1
7.0,2.0,35.0,3.6,0.41,-1.18,1.0,3.0,1.0,4.0,1,0
2.0,2.0,42.0,2.2,-1.03,-0.95,1.0,4.0,1.0,3.0,1,1
2.0,2.0,28.5,2.4,-0.84,-1.02,1.0,3.0,1.0,3.0,0,0
2.0,2.0,33.0,3.6,-0.81,-1.06,1.0,4.0,1.0,4.0,1,1
9.0,10.0,35.0,2.8,1.27,1.73,1.0,3.0,1.0,3.0,1,1
1.0,3.0,33.0,3.0,-1.1,-0.9,1.0,3.0,1.0,2.0,1,1
1.0,1.0,44.0,3.0,-1.83,-1.72,1.0,3.0,0.0,5.0,0,0
3.0,3.0,28.0,3.4,-0.63,-0.77,2.0,3.0,1.0,3.0,1,1
4.0,4.0,35.0,3.3,-0.18,-0.3,1.0,3.0,0.0,3.0,1,1
10.0,10.0,39.0,3.5,1.44,2.54,1.0,4.0,0.0,3.0,1,1
1.0,1.0,35.0,3.2,-2.36,-2.04,1.0,4.0,0.0,3.0,1,1
1.0,2.0,37.0,3.3,-1.83,-1.02,1.0,4.0,1.0,3.0,1,1
4.0,3.0,31.0,3.2,-0.2,-0.63,2.0,3.0,1.0,3.0,1,0
6.0,6.0,44.0,3.2,0.3,0.12,1.0,4.0,1.0,4.0,1,1
6.0,5.0,34.5,3.0,0.21,0.0,1.0,3.0,1.0,4.0,1,1
9.0,9.0,41.0,2.9,1.06,0.96,1.0,3.0,0.0,5.0,1,1
4.0,4.0,37.0,2.6,-0.4,-0.45,1.0,2.0,1.0,3.0,1,1
3.0,5.0,32.5,3.3,-0.44,-0.24,1.0,4.0,1.0,3.0,1,1
10.0,10.0,42.0,3.4,1.88,1.43,1.0,4.0,1.0,5.0,1,1
1.0,1.0,39.0,3.6,-1.73,-1.75,1.0,4.0,0.0,5.0,1,0
2.0,3.0,31.5,3.0,-1.07,-0.62,1.0,1.0,0.0,5.0,0,0
9.0,9.0,45.0,3.3,1.0,1.05,1.0,4.0,0.0,5.0,1,1
10.0,9.0,40.5,3.8,1.52,1.1,1.0,4.0,1.0,5.0,1,1
8.0,8.0,38.0,3.4,0.79,0.57,1.0,4.0,0.0,3.0,1,1
4.0,4.0,45.0,3.5,-0.38,-0.35,1.0,4.0,1.0,3.0,1,1
7.0,8.0,34.0,3.6,0.46,0.59,1.0,3.0,0.0,3.0,1,1
6.0,7.0,41.0,3.4,0.26,0.32,1.0,4.0,0.0,4.0,1,1
6.0,7.0,43.0,3.8,0.14,0.32,1.0,3.0,1.0,5.0,1,1
8.0,8.0,42.0,3.4,0.8,0.57,1.0,5.0,1.0,4.0,1,1
8.0,6.0,32.0,3.1,0.78,0.15,2.0,3.0,1.0,5.0,1,0
4.0,3.0,39.0,3.2,-0.2,-0.57,1.0,5.0,0.0,3.0,1,1
1.0,1.0,30.3,2.9,-1.53,-1.82,1.0,4.0,1.0,4.0,1,1
7.0,7.0,36.0,3.3,0.42,0.27,2.0,2.0,1.0,3.0,1,1
3.0,2.0,42.0,2.8,-0.5,-0.89,1.0,4.0,0.0,3.0,1,1
1.0,1.0,36.5,3.3,-2.13,-2.08,1.0,5.0,1.0,3.0,1,1
7.0,5.0,41.0,2.6,0.35,-0.1,1.0,3.0,1.0,4.0,1,1
6.0,5.0,41.0,3.4,0.27,-0.11,1.0,4.0,1.0,4.0,1,1
6.0,4.0,47.0,3.8,0.15,-0.3,1.0,4.0,0.0,6.0,1,1
10.0,9.0,39.5,3.2,1.37,1.24,1.0,4.0,1.0,4.0,1,1
5.0,3.0,43.0,3.4,-0.11,-0.6,1.0,5.0,1.0,5.0,1,1
2.0,3.0,45.0,3.5,-1.14,-0.79,1.0,5.0,1.0,5.0,1,1
2.0,3.0,39.0,2.9,-0.95,-0.87,1.0,4.0,1.0,3.0,1,0
10.0,9.0,39.0,3.1,2.04,1.23,2.0,4.0,0.0,5.0,1,1
5.0,6.0,41.0,3.9,-0.15,0.16,1.0,2.0,0.0,6.0,1,1
4.0,4.0,34.0,3.0,-0.36,-0.41,1.0,4.0,1.0,3.0,1,1
10.0,10.0,40.0,3.6,2.38,2.57,1.0,3.0,0.0,3.0,1,1
2.0,7.0,35.0,3.0,-0.78,0.27,2.0,4.0,0.0,3.0,1,1
2.0,4.0,40.0,3.4,-0.91,-0.42,1.0,4.0,1.0,5.0,1,1
1.0,1.0,32.0,3.5,-1.59,-1.82,1.0,3.0,0.0,6.0,0,1
9.0,9.0,39.0,3.7,1.11,1.08,1.0,4.0,0.0,4.0,1,1
3.0,4.0,37.0,3.3,-0.68,-0.44,1.0,3.0,0.0,3.0,1,1
8.0,8.0,37.5,3.3,0.73,0.8,1.0,3.0,1.0,3.0,1,1
10.0,9.0,44.0,2.9,1.31,1.14,1.0,4.0,1.0,4.0,1,1
1.0,1.0,29.5,3.3,-1.46,-1.93,1.0,3.0,1.0,3.0,1,0
1.0,1.0,33.5,2.6,-1.31,-1.38,1.0,4.0,1.0,3.0,1,1
4.0,4.0,41.0,2.8,-0.2,-0.33,1.0,5.0,0.0,3.0,1,1
8.0,9.0,33.0,3.0,0.69,0.94,1.0,4.0,1.0,4.0,0,1
1.0,5.0,41.0,3.7,-1.54,-0.2,1.0,4.0,1.0,6.0,1,1
10.0,10.0,27.0,2.7,1.41,1.44,2.0,5.0,1.0,4.0,1,1
3.0,5.0,42.0,2.0,-0.47,-0.15,1.0,4.0,1.0,3.0,1,1
1.0,1.0,26.0,2.7,-1.54,-1.53,1.0,3.0,1.0,1.0,0,0
3.0,3.0,42.0,3.4,-0.58,-0.79,1.0,4.0,0.0,3.0,1,1
9.0,9.0,43.0,3.6,1.05,1.11,1.0,3.0,1.0,4.0,1,1
4.0,4.0,33.0,3.3,-0.35,-0.51,1.0,3.0,0.0,4.0,1,1
10.0,10.0,34.5,3.2,1.33,1.37,1.0,4.0,1.0,3.0,1,1
3.0,3.0,34.0,3.2,-0.6,-0.62,1.0,4.0,1.0,3.0,1,1
6.0,6.0,38.0,3.2,0.2,0.19,1.0,4.0,0.0,4.0,1,1
2.0,1.0,35.0,3.2,-1.1,-1.43,1.0,4.0,0.0,4.0,1,0
4.0,7.0,36.0,2.8,-0.4,0.43,2.0,3.0,1.0,5.0,1,1
2.0,2.0,19.5,3.4,-0.89,-1.17,2.0,5.0,1.0,3.0,0,0
4.0,3.0,38.0,3.1,-0.22,-0.62,1.0,3.0,1.0,4.0,1,1
1.0,1.0,37.0,2.7,-2.5,-1.89,2.0,4.0,1.0,4.0,0,1
1.0,2.0,36.0,2.9,-1.35,-1.17,1.0,4.0,1.0,3.0,1,1
7.0,6.0,35.0,3.9,0.5,0.2,1.0,3.0,0.0,3.0,1,1
5.0,8.0,32.5,3.1,0.0,0.6,1.0,4.0,0.0,5.0,1,0
4.0,5.0,41.0,3.1,-0.22,-0.06,1.0,3.0,1.0,3.0,1,1
6.0,5.0,29.0,3.8,0.24,-0.21,1.0,2.0,0.0,3.0,1,1
5.0,6.0,43.0,3.3,-0.11,0.11,1.0,5.0,0.0,6.0,1,1
6.0,6.0,41.0,3.7,0.13,0.16,1.0,3.0,1.0,4.0,1,1
6.0,7.0,35.0,3.2,0.29,0.29,1.0,3.0,0.0,3.0,1,1
9.0,8.0,42.0,2.0,1.06,0.6,1.0,4.0,1.0,3.0,1,1
10.0,9.0,43.0,3.2,1.32,1.25,1.0,4.0,1.0,4.0,1,1
5.0,5.0,36.0,3.2,-0.02,-0.26,1.0,5.0,1.0,3.0,1,1
9.0,8.0,35.0,3.5,1.08,0.83,1.0,3.0,0.0,5.0,1,1
10.0,10.0,43.0,2.8,1.42,1.34,1.0,4.0,0.0,3.0,1,1
9.0,7.0,32.0,2.8,0.98,0.49,1.0,3.0,1.0,3.0,1,1
9.0,9.0,40.0,3.2,1.11,1.14,1.0,3.0,0.0,3.0,1,1
6.0,9.0,39.0,3.5,0.12,1.08,1.0,4.0,0.0,3.0,1,1
1.0,1.0,25.5,2.2,-2.14,-1.45,1.0,4.0,0.0,3.0,0,0
1.0,2.0,32.0,3.1,-1.38,-0.93,1.0,2.0,0.0,3.0,0,1
3.0,3.0,30.7,2.9,-0.58,-0.75,1.0,4.0,1.0,3.0,1,1
7.0,6.0,33.0,3.1,0.34,0.14,1.0,2.0,0.0,2.0,1,1
1.0,1.0,36.5,3.2,-1.13,-1.76,1.0,3.0,1.0,3.0,1,1
5.0,4.0,39.0,3.7,-0.08,-0.24,1.0,4.0,1.0,5.0,1,1
6.0,7.0,39.0,3.3,0.14,0.47,1.0,4.0,0.0,3.0,1,1
9.0,7.0,39.0,3.5,1.2,0.49,1.0,4.0,1.0,5.0,1,1
2.0,2.0,39.0,3.3,-0.99,-1.06,1.0,3.0,1.0,3.0,1,0
10.0,10.0,46.0,3.0,1.8,2.02,1.0,4.0,1.0,4.0,0,1
2.0,3.0,35.0,3.3,-0.7,-0.59,1.0,4.0,1.0,3.0,1,1
8.0,9.0,39.0,3.6,0.62,1.07,1.0,4.0,1.0,4.0,1,1
6.0,6.0,33.0,3.7,0.15,0.18,1.0,3.0,0.0,5.0,1,1
1.0,1.0,33.0,3.1,-1.72,-2.0,1.0,4.0,0.0,3.0,1,0
8.0,7.0,35.0,2.9,0.71,0.41,1.0,3.0,1.0,3.0,1,1
6.0,5.0,38.0,2.5,0.16,-0.27,1.0,3.0,1.0,3.0,1,1
7.0,7.0,42.0,3.9,0.51,0.53,1.0,4.0,0.0,4.0,1,1
1.0,2.0,37.0,3.5,-1.49,-1.25,1.0,5.0,1.0,3.0,1,0
10.0,9.0,39.0,3.3,1.32,1.14,1.0,3.0,1.0,4.0,1,1
2.0,2.0,37.0,2.6,-0.8,-1.12,1.0,4.0,0.0,3.0,1,1
4.0,5.0,32.0,3.0,-0.42,-0.12,1.0,3.0,0.0,3.0,1,1
1.0,1.0,46.0,3.6,-1.6,-1.68,1.0,3.0,1.0,6.0,1,1
9.0,9.0,41.0,3.5,0.89,0.94,1.0,4.0,0.0,5.0,1,1
5.0,5.0,29.0,3.1,0.01,-0.1,1.0,3.0,0.0,2.0,1,1
9.0,9.0,43.0,3.8,1.01,1.03,1.0,3.0,0.0,4.0,1,1
1.0,1.0,39.0,2.5,-1.63,-2.44,1.0,5.0,1.0,3.0,1,1
8.0,5.0,32.0,2.9,0.8,-0.16,1.0,5.0,0.0,3.0,1,1
1.0,1.0,26.0,3.1,-2.02,-1.89,1.0,2.0,1.0,4.0,0,0
1.0,1.0,31.0,2.6,-1.26,-1.87,1.0,5.0,1.0,5.0,0,0
6.0,10.0,31.0,2.1,0.14,1.48,2.0,3.0,0.0,3.0,1,1
3.0,1.0,31.0,2.5,-0.53,-1.5,1.0,2.0,1.0,2.0,1,1
10.0,10.0,36.0,3.7,2.11,2.47,1.0,3.0,0.0,4.0,1,1
6.0,7.0,38.0,3.2,0.07,0.38,1.0,3.0,1.0,3.0,1,1
8.0,8.0,38.0,2.5,0.74,0.86,1.0,3.0,1.0,2.0,1,1
3.0,3.0,38.0,3.5,-0.6,-0.75,1.0,3.0,0.0,4.0,0,1
8.0,7.0,34.5,3.2,0.62,0.53,1.0,4.0,1.0,3.0,1,1
2.0,1.0,40.0,3.7,-1.05,-1.46,1.0,4.0,1.0,5.0,1,0
1.0,2.0,37.0,2.6,-1.24,-1.21,1.0,4.0,1.0,3.0,1,1
2.0,1.0,40.0,3.7,-1.06,-1.53,1.0,2.0,1.0,4.0,0,0
8.0,10.0,40.0,3.6,0.89,1.42,2.0,3.0,1.0,4.0,1,1
10.0,9.0,37.0,2.8,1.47,0.96,1.0,4.0,0.0,4.0,1,1
9.0,9.0,37.5,3.9,0.92,1.03,1.0,4.0,0.0,4.0,1,1
4.0,3.0,43.0,2.8,-0.39,-0.7,1.0,3.0,1.0,4.0,1,1
9.0,10.0,37.0,4.0,1.23,1.36,1.0,2.0,0.0,5.0,1,1
9.0,9.0,43.0,2.6,1.14,1.29,1.0,4.0,1.0,3.0,1,1
10.0,10.0,43.0,3.9,1.5,1.62,1.0,4.0,1.0,4.0,1,1
6.0,4.0,43.0,2.9,0.18,-0.34,1.0,3.0,1.0,4.0,1,1
8.0,7.0,34.5,3.3,0.77,0.32,1.0,4.0,0.0,3.0,1,1
9.0,10.0,38.0,3.6,1.28,1.47,1.0,4.0,0.0,4.0,1,1
4.0,7.0,39.0,3.3,-0.44,0.32,1.0,3.0,0.0,6.0,1,1
7.0,9.0,29.0,3.4,0.55,1.18,1.0,4.0,1.0,2.0,1,1
7.0,7.0,35.0,3.6,0.54,0.51,1.0,3.0,1.0,4.0,1,1
8.0,8.0,47.0,3.6,0.81,0.7,1.0,5.0,1.0,5.0,1,1
2.0,2.0,43.0,3.6,-0.87,-1.04,1.0,4.0,0.0,4.0,0,1
6.0,4.0,39.0,3.3,0.15,-0.4,1.0,4.0,0.0,3.0,1,1
9.0,10.0,37.0,3.3,1.11,1.31,2.0,4.0,0.0,5.0,1,1
3.0,3.0,34.0,2.7,-0.69,-0.66,1.0,4.0,0.0,4.0,1,1
10.0,10.0,42.0,3.9,2.31,2.45,1.0,3.0,1.0,4.0,1,1
10.0,10.0,40.0,3.4,1.85,1.52,1.0,4.0,1.0,3.0,1,1
5.0,3.0,37.0,3.5,-0.01,-0.85,1.0,4.0,1.0,4.0,1,1
1.0,3.0,38.0,3.4,-1.39,-0.79,2.0,3.0,1.0,4.0,1,1
7.0,7.0,32.5,3.4,0.34,0.26,1.0,4.0,1.0,3.0,1,1
9.0,10.0,42.0,4.0,0.97,1.49,1.0,3.0,0.0,3.0,1,1
6.0,5.0,35.0,2.9,0.11,-0.16,1.0,5.0,1.0,3.0,1,1
4.0,1.0,39.0,3.8,-0.33,-1.32,1.0,4.0,1.0,3.0,1,0
5.0,6.0,28.0,3.3,-0.07,0.06,1.0,4.0,1.0,2.0,1,1
10.0,10.0,34.0,3.0,1.54,1.63,1.0,5.0,1.0,2.0,1,1
2.0,3.0,39.0,3.2,-0.76,-0.71,1.0,4.0,0.0,5.0,0,0
8.0,8.0,34.0,3.0,0.58,0.62,1.0,4.0,1.0,3.0,1,1
7.0,7.0,35.0,3.0,0.4,0.36,1.0,4.0,0.0,4.0,1,1
2.0,1.0,38.0,3.3,-0.87,-1.73,1.0,3.0,0.0,6.0,1,1
2.0,1.0,31.5,2.6,-1.19,-1.45,1.0,3.0,0.0,6.0,0,1
7.0,8.0,29.5,3.5,0.39,0.68,1.0,3.0,0.0,3.0,1,1
2.0,4.0,28.5,2.7,-0.93,-0.45,1.0,3.0,0.0,5.0,0,0
6.0,8.0,34.0,3.0,0.15,0.65,1.0,4.0,1.0,2.0,1,1
4.0,5.0,39.0,3.6,-0.28,-0.05,1.0,4.0,1.0,4.0,1,1
2.0,1.0,33.5,2.5,-0.91,-1.93,1.0,3.0,1.0,3.0,1,0
10.0,10.0,42.0,3.6,1.51,1.55,1.0,3.0,1.0,3.0,1,0
3.0,5.0,44.0,3.2,-0.69,-0.16,1.0,5.0,1.0,5.0,1,1
5.0,3.0,33.0,3.0,-0.07,-0.65,1.0,2.0,0.0,3.0,1,1
8.0,7.0,35.0,3.9,0.93,0.34,1.0,3.0,1.0,6.0,1,1
7.0,8.0,43.0,2.6,0.31,0.81,1.0,4.0,1.0,3.0,1,1
9.0,8.0,34.5,3.1,0.87,0.83,1.0,3.0,0.0,3.0,1,1
4.0,2.0,33.0,3.0,-0.36,-1.04,1.0,3.0,1.0,4.0,1,1
3.0,4.0,38.0,3.4,-0.66,-0.4,1.0,5.0,0.0,4.0,1,1
10.0,10.0,37.0,3.0,1.72,2.2,1.0,3.0,1.0,3.0,1,1
3.0,3.0,35.0,2.5,-0.56,-0.78,1.0,4.0,1.0,3.0,1,1
6.0,7.0,38.0,3.7,0.11,0.32,1.0,3.0,1.0,4.0,1,1
4.0,4.0,33.0,3.0,-0.39,-0.36,1.0,4.0,0.0,3.0,1,1
5.0,5.0,39.0,3.4,0.02,-0.04,1.0,4.0,0.0,4.0,1,1
5.0,5.0,38.0,3.7,0.01,-0.21,1.0,2.0,1.0,4.0,1,1
9.0,9.0,37.0,3.3,1.1,1.0,1.0,4.0,0.0,4.0,1,1
10.0,10.0,30.0,2.8,1.57,1.56,1.0,3.0,0.0,3.0,1,1
8.0,5.0,36.0,3.0,0.81,-0.09,1.0,5.0,1.0,3.0,1,1
8.0,8.0,43.0,3.7,0.8,0.71,1.0,3.0,1.0,5.0,1,1
2.0,5.0,33.0,3.1,-0.99,-0.28,1.0,3.0,0.0,2.0,1,0
5.0,2.0,39.0,3.3,-0.13,-1.1,1.0,4.0,1.0,3.0,1,0
5.0,5.0,37.0,3.0,-0.03,-0.17,1.0,3.0,1.0,3.0,1,1
8.0,7.0,41.0,3.8,0.78,0.31,1.0,3.0,1.0,4.0,1,1
5.0,6.0,34.5,3.5,-0.15,0.01,1.0,3.0,1.0,3.0,1,1
2.0,3.0,39.0,3.5,-0.9,-0.88,1.0,3.0,0.0,3.0,1,1
5.0,4.0,36.0,2.7,0.05,-0.53,1.0,4.0,1.0,3.0,1,0
1.0,2.0,39.0,3.6,-1.33,-1.23,1.0,3.0,0.0,6.0,1,0
3.0,1.0,34.0,3.0,-0.5,-1.41,1.0,4.0,0.0,3.0,1,0
9.0,7.0,39.0,2.9,0.98,0.42,1.0,4.0,1.0,3.0,1,1
7.0,8.0,27.0,3.7,0.45,0.75,1.0,3.0,0.0,3.0,1,1
4.0,6.0,38.0,3.1,-0.21,0.02,1.0,4.0,1.0,4.0,0,1
8.0,9.0,42.0,3.9,0.74,0.95,1.0,3.0,0.0,4.0,1,1
8.0,3.0,45.0,3.1,0.79,-0.58,2.0,4.0,1.0,4.0,1,1
5.0,6.0,40.0,3.6,0.01,0.17,1.0,4.0,0.0,3.0,1,1
7.0,7.0,27.0,3.7,0.41,0.47,1.0,4.0,0.0,3.0,1,1
10.0,7.0,38.0,3.0,1.53,0.42,1.0,4.0,1.0,4.0,1,0
4.0,6.0,33.0,3.9,-0.3,-0.01,1.0,4.0,0.0,3.0,1,1
10.0,10.0,42.5,3.7,2.34,1.78,1.0,4.0,1.0,6.0,0,1
2.0,1.0,30.0,2.8,-1.14,-1.41,1.0,3.0,0.0,5.0,0,0
7.0,6.0,42.0,3.3,0.44,0.29,1.0,2.0,0.0,4.0,1,1
3.0,3.0,40.0,3.0,-0.61,-0.61,1.0,3.0,1.0,5.0,1,1
9.0,8.0,36.0,2.6,1.26,0.64,1.0,3.0,1.0,3.0,1,1
3.0,2.0,31.0,2.7,-0.68,-0.92,1.0,4.0,0.0,3.0,0,0
2.0,1.0,27.0,3.0,-0.97,-1.58,1.0,4.0,0.0,3.0,1,1
4.0,3.0,43.0,3.9,-0.46,-0.79,1.0,4.0,1.0,6.0,1,1
9.0,9.0,44.0,3.2,1.16,1.29,1.0,4.0,0.0,3.0,1,1
6.0,7.0,29.0,4.0,0.23,0.42,1.0,3.0,1.0,4.0,0,1
3.0,3.0,36.0,3.3,-0.48,-0.87,1.0,2.0,1.0,4.0,1,1
7.0,5.0,45.0,3.1,0.35,-0.22,1.0,4.0,0.0,4.0,1,1
1.0,2.0,31.0,3.2,-1.2,-1.23,1.0,4.0,0.0,3.0,1,1
7.0,6.0,36.0,2.8,0.42,0.22,1.0,4.0,1.0,4.0,1,1
3.0,5.0,33.0,2.8,-0.44,-0.1,1.0,3.0,1.0,3.0,1,1
9.0,9.0,28.0,2.9,1.14,1.27,2.0,3.0,0.0,4.0,1,1
2.0,1.0,36.0,3.0,-1.14,-2.29,1.0,4.0,1.0,4.0,1,0
3.0,2.0,27.5,3.0,-0.7,-1.09,1.0,3.0,0.0,4.0,1,0
10.0,8.0,30.5,3.0,1.65,0.65,2.0,3.0,1.0,2.0,1,1
6.0,7.0,33.0,3.0,0.07,0.32,1.0,3.0,0.0,3.0,1,1
3.0,3.0,39.0,3.4,-0.7,-0.71,1.0,5.0,0.0,6.0,1,1
5.0,6.0,36.5,3.1,0.05,-0.01,1.0,4.0,1.0,3.0,1,1
1.0,1.0,36.0,3.2,-1.21,-1.4,1.0,2.0,1.0,3.0,1,1
8.0,9.0,42.0,3.8,0.87,1.3,1.0,3.0,1.0,3.0,1,1
2.0,3.0,30.0,2.5,-0.86,-0.66,1.0,5.0,1.0,4.0,0,1
2.0,5.0,28.5,2.8,-1.06,-0.25,1.0,3.0,1.0,2.0,1,1
9.0,5.0,39.0,2.6,0.9,-0.12,1.0,4.0,0.0,3.0,1,1
6.0,6.0,43.0,3.9,0.2,0.23,1.0,4.0,0.0,5.0,1,1
2.0,2.0,35.0,3.5,-0.83,-1.25,1.0,4.0,0.0,5.0,1,0
9.0,10.0,37.0,3.2,1.11,1.56,1.0,3.0,0.0,2.0,1,0
8.0,8.0,32.0,4.0,0.64,0.73,1.0,3.0,1.0,4.0,1,1
2.0,3.0,37.0,3.0,-0.7,-0.77,1.0,4.0,1.0,3.0,1,1
1.0,1.0,26.5,3.3,-1.27,-1.89,1.0,1.0,1.0,1.0,0,0
7.0,9.0,36.0,3.6,0.37,0.9,1.0,4.0,0.0,5.0,1,1
3.0,3.0,41.0,2.9,-0.72,-0.62,1.0,3.0,0.0,4.0,1,1
3.0,5.0,33.5,3.6,-0.55,-0.09,1.0,3.0,1.0,5.0,1,1
8.0,7.0,40.0,2.8,0.67,0.52,1.0,4.0,1.0,6.0,1,1
9.0,9.0,34.0,3.1,1.28,0.93,1.0,4.0,1.0,3.0,1,1
3.0,2.0,30.0,2.8,-0.55,-1.14,1.0,3.0,0.0,3.0,0,0
10.0,10.0,47.0,3.9,1.89,2.29,2.0,2.0,0.0,3.0,1,1
1.0,2.0,35.0,2.5,-1.47,-1.01,2.0,2.0,0.0,5.0,0,0
7.0,6.0,46.0,3.7,0.56,0.25,1.0,4.0,0.0,6.0,1,1
1.0,2.0,40.0,3.5,-1.27,-1.05,1.0,3.0,1.0,5.0,1,1
4.0,2.0,36.0,3.1,-0.23,-1.27,1.0,4.0,1.0,5.0,1,1
6.0,7.0,35.0,4.0,0.33,0.47,1.0,3.0,1.0,4.0,1,1
2.0,3.0,30.0,3.4,-1.07,-0.87,1.0,4.0,0.0,4.0,1,1
9.0,8.0,43.0,3.4,1.08,0.75,1.0,4.0,1.0,4.0,1,1
10.0,10.0,40.0,3.9,1.59,1.71,1.0,4.0,0.0,3.0,1,1
5.0,6.0,39.0,3.3,-0.06,0.05,1.0,4.0,1.0,4.0,1,1
4.0,4.0,33.0,3.2,-0.42,-0.5,1.0,3.0,1.0,5.0,1,1
1.0,2.0,43.0,3.7,-1.26,-1.16,1.0,5.0,0.0,3.0,1,0
8.0,6.0,34.0,2.8,0.6,0.1,1.0,4.0,0.0,3.0,1,1
4.0,5.0,40.0,3.0,-0.31,-0.26,1.0,3.0,0.0,3.0,1,1
4.0,5.0,37.0,3.4,-0.32,-0.11,1.0,4.0,0.0,3.0,1,1
5.0,3.0,33.5,2.8,-0.17,-0.56,1.0,3.0,0.0,3.0,1,1
6.0,6.0,44.0,2.7,0.22,0.13,1.0,4.0,1.0,4.0,1,1
3.0,3.0,41.0,3.1,-0.68,-0.85,1.0,4.0,0.0,4.0,1,1
1.0,2.0,35.0,3.4,-1.23,-1.13,1.0,3.0,0.0,2.0,1,1
1.0,2.0,36.0,3.7,-1.35,-0.94,1.0,4.0,0.0,4.0,1,0
4.0,3.0,48.0,3.4,-0.4,-0.54,1.0,4.0,1.0,6.0,1,1
6.0,7.0,36.0,2.2,0.26,0.27,1.0,4.0,1.0,1.0,1,1
9.0,10.0,38.0,3.1,1.15,1.3,1.0,4.0,1.0,4.0,1,1
4.0,6.0,38.0,3.3,-0.37,0.04,1.0,3.0,0.0,4.0,1,1
2.0,4.0,46.0,3.7,-0.85,-0.45,1.0,5.0,1.0,4.0,1,1
10.0,5.0,39.0,2.3,1.47,0.02,2.0,4.0,0.0,5.0,1,1
5.0,5.0,34.5,3.6,0.06,-0.06,1.0,3.0,0.0,4.0,1,1
8.0,8.0,42.0,3.5,0.92,0.67,1.0,5.0,1.0,6.0,1,1
4.0,4.0,34.0,2.8,-0.31,-0.28,1.0,3.0,0.0,3.0,1,1
5.0,7.0,47.0,3.1,-0.03,0.45,1.0,4.0,1.0,4.0,1,1
5.0,4.0,36.0,3.1,0.05,-0.35,2.0,4.0,1.0,4.0,1,0
5.0,5.0,31.0,2.1,0.04,-0.3,2.0,4.0,1.0,2.0,1,0
4.0,4.0,37.0,2.8,-0.29,-0.35,1.0,4.0,0.0,4.0,1,0
6.0,8.0,39.0,3.7,0.22,0.79,2.0,3.0,0.0,5.0,1,1
10.0,10.0,39.0,3.5,1.61,1.49,1.0,3.0,1.0,3.0,1,1
8.0,9.0,41.0,3.8,0.67,1.07,1.0,4.0,0.0,4.0,1,1
3.0,4.0,33.7,3.0,-0.44,-0.36,1.0,3.0,0.0,2.0,1,1
7.0,10.0,40.0,3.3,0.33,1.39,1.0,3.0,1.0,2.0,1,1
4.0,2.0,34.0,2.5,-0.4,-1.09,1.0,4.0,1.0,2.0,1,0
10.0,9.0,45.0,3.7,1.8,1.19,1.0,3.0,1.0,4.0,1,1
1.0,2.0,27.0,3.5,-1.4,-1.06,1.0,4.0,0.0,3.0,1,0
8.0,8.0,33.0,3.5,0.79,0.64,1.0,4.0,0.0,5.0,0,1
4.0,5.0,33.0,2.3,-0.18,-0.23,1.0,2.0,0.0,3.0,0,1
6.0,5.0,34.0,2.7,0.16,-0.27,1.0,3.0,1.0,2.0,1,1
9.0,7.0,36.0,3.5,0.9,0.42,1.0,4.0,1.0,3.0,1,1
4.0,2.0,30.5,3.3,-0.23,-1.11,1.0,3.0,1.0,3.0,1,1
2.0,6.0,37.5,3.2,-0.8,0.13,1.0,4.0,0.0,3.0,1,1
5.0,6.0,38.0,3.1,-0.1,0.26,1.0,1.0,1.0,3.0,1,1
8.0,7.0,37.5,3.2,0.6,0.4,1.0,4.0,1.0,3.0,1,0
6.0,7.0,40.0,4.0,0.24,0.46,1.0,3.0,0.0,4.0,1,1
9.0,8.0,40.0,3.8,1.13,0.75,1.0,3.0,1.0,4.0,1,1
2.0,2.0,46.0,3.7,-1.08,-0.99,1.0,4.0,0.0,5.0,1,1
5.0,7.0,30.0,3.8,-0.01,0.35,1.0,1.0,1.0,5.0,1,0
5.0,4.0,33.5,3.2,-0.08,-0.53,1.0,3.0,1.0,3.0,1,1
4.0,1.0,21.0,3.4,-0.27,-2.12,1.0,3.0,1.0,3.0,0,0
6.0,8.0,40.0,3.3,0.24,0.62,1.0,3.0,1.0,4.0,1,1
4.0,9.0,40.0,2.7,-0.39,1.14,2.0,4.0,0.0,5.0,1,1
5.0,8.0,43.0,3.0,0.03,0.63,1.0,4.0,1.0,4.0,1,1
4.0,3.0,35.0,3.4,-0.28,-0.55,1.0,1.0,0.0,4.0,1,0
10.0,9.0,43.0,4.0,1.47,1.29,1.0,5.0,1.0,5.0,1,1
5.0,5.0,38.5,3.7,0.03,0.01,1.0,4.0,0.0,6.0,0,1
2.0,1.0,27.0,3.7,-0.96,-1.29,1.0,4.0,1.0,2.0,1,1
10.0,10.0,48.0,4.0,1.64,1.57,1.0,4.0,1.0,5.0,1,1
7.0,10.0,33.0,3.8,0.56,1.35,1.0,2.0,0.0,4.0,1,1
8.0,9.0,40.0,3.0,0.8,0.97,1.0,3.0,1.0,3.0,1,1
5.0,7.0,35.0,3.4,0.05,0.33,1.0,3.0,0.0,3.0,1,1
6.0,3.0,42.0,3.4,0.18,-0.62,1.0,3.0,0.0,4.0,1,1
1.0,2.0,37.0,3.3,-1.7,-1.18,1.0,5.0,1.0,4.0,1,0
4.0,5.0,34.0,2.8,-0.36,-0.19,1.0,2.0,1.0,2.0,1,0
4.0,3.0,39.0,3.7,-0.39,-0.67,1.0,3.0,1.0,4.0,1,1
7.0,7.0,40.0,2.7,0.34,0.41,1.0,1.0,1.0,2.0,1,1
1.0,4.0,39.0,4.0,-1.86,-0.4,1.0,5.0,1.0,4.0,0,1
7.0,6.0,37.0,3.7,0.41,0.05,1.0,4.0,1.0,4.0,1,1
10.0,10.0,42.0,3.7,1.44,1.6,1.0,4.0,1.0,4.0,1,1
4.0,6.0,33.0,3.0,-0.39,0.08,2.0,3.0,0.0,4.0,1,1
10.0,9.0,32.0,3.6,2.07,1.25,1.0,4.0,1.0,4.0,1,1
1.0,2.0,44.0,3.1,-1.56,-1.06,1.0,3.0,1.0,6.0,1,1
4.0,1.0,36.0,3.1,-0.35,-1.33,1.0,4.0,1.0,3.0,0,0
8.0,7.0,41.0,3.5,0.59,0.28,1.0,2.0,1.0,5.0,1,1
4.0,3.0,41.0,2.9,-0.39,-0.78,1.0,3.0,1.0,4.0,1,0
7.0,5.0,39.0,2.6,0.37,-0.16,1.0,4.0,0.0,5.0,1,1
9.0,9.0,40.0,3.2,1.01,1.01,1.0,4.0,0.0,4.0,1,1
5.0,6.0,39.0,3.7,0.01,0.04,1.0,5.0,0.0,3.0,1,1
8.0,8.0,35.0,2.4,0.8,0.72,1.0,4.0,1.0,2.0,1,1
8.0,8.0,38.0,3.2,0.94,0.59,1.0,3.0,1.0,6.0,1,1
2.0,1.0,39.0,2.7,-0.84,-1.35,1.0,4.0,1.0,3.0,1,0
5.0,3.0,48.0,3.3,-0.02,-0.67,1.0,4.0,1.0,5.0,1,1
10.0,10.0,37.0,3.5,1.35,1.5,1.0,3.0,0.0,4.0,1,1
8.0,9.0,33.0,3.8,0.77,0.99,1.0,3.0,0.0,5.0,1,1
7.0,6.0,44.0,3.5,0.35,0.28,1.0,3.0,1.0,4.0,1,1
10.0,9.0,37.0,3.7,1.56,0.96,2.0,4.0,0.0,3.0,1,1
2.0,1.0,37.0,2.5,-0.77,-1.55,1.0,5.0,1.0,3.0,1,0
7.0,6.0,30.0,3.6,0.53,0.07,1.0,3.0,1.0,3.0,1,1
9.0,9.0,44.0,3.7,0.94,1.0,1.0,4.0,1.0,4.0,1,1
8.0,7.0,32.0,3.0,0.6,0.54,1.0,5.0,0.0,3.0,1,1
2.0,2.0,36.5,3.3,-0.79,-0.97,1.0,4.0,1.0,3.0,1,1
8.0,8.0,33.5,3.4,0.61,0.63,1.0,3.0,0.0,3.0,1,1
1.0,1.0,23.0,2.7,-1.57,-1.8,1.0,3.0,1.0,4.0,0,0
4.0,7.0,40.0,3.8,-0.41,0.46,1.0,3.0,1.0,5.0,1,1
7.0,6.0,30.0,3.3,0.35,0.12,1.0,4.0,1.0,3.0,1,1
6.0,6.0,37.0,3.2,0.2,0.02,1.0,4.0,1.0,3.0,1,1
